Temp: 1,Exit :0,0: bin0(<0.2),Samples: 45722,accuracy: 0.123,avg_conf: 0.073
Temp: 1,Exit :0,1: bin1(<0.4),Samples: 3541,accuracy: 0.358,avg_conf: 0.269
Temp: 1,Exit :0,2: bin2(<0.6),Samples: 595,accuracy: 0.575,avg_conf: 0.476
Temp: 1,Exit :0,3: bin3(<0.8),Samples: 114,accuracy: 0.702,avg_conf: 0.669
Temp: 1,Exit :0,4: bin4(<1.0),Samples: 12,accuracy: 1.0,avg_conf: 0.848

Temp: 1,Exit :1,0: bin0(<0.2),Samples: 44785,accuracy: 0.128,avg_conf: 0.079
Temp: 1,Exit :1,1: bin1(<0.4),Samples: 4250,accuracy: 0.358,avg_conf: 0.268
Temp: 1,Exit :1,2: bin2(<0.6),Samples: 761,accuracy: 0.524,avg_conf: 0.476
Temp: 1,Exit :1,3: bin3(<0.8),Samples: 157,accuracy: 0.701,avg_conf: 0.678
Temp: 1,Exit :1,4: bin4(<1.0),Samples: 31,accuracy: 0.935,avg_conf: 0.88

Temp: 1,Exit :2,0: bin0(<0.2),Samples: 39692,accuracy: 0.153,avg_conf: 0.098
Temp: 1,Exit :2,1: bin1(<0.4),Samples: 7987,accuracy: 0.377,avg_conf: 0.272
Temp: 1,Exit :2,2: bin2(<0.6),Samples: 1727,accuracy: 0.603,avg_conf: 0.48
Temp: 1,Exit :2,3: bin3(<0.8),Samples: 491,accuracy: 0.727,avg_conf: 0.677
Temp: 1,Exit :2,4: bin4(<1.0),Samples: 87,accuracy: 0.908,avg_conf: 0.865

Temp: 1,Exit :3,0: bin0(<0.2),Samples: 37260,accuracy: 0.16,avg_conf: 0.105
Temp: 1,Exit :3,1: bin1(<0.4),Samples: 9560,accuracy: 0.383,avg_conf: 0.275
Temp: 1,Exit :3,2: bin2(<0.6),Samples: 2262,accuracy: 0.625,avg_conf: 0.481
Temp: 1,Exit :3,3: bin3(<0.8),Samples: 717,accuracy: 0.757,avg_conf: 0.683
Temp: 1,Exit :3,4: bin4(<1.0),Samples: 185,accuracy: 0.886,avg_conf: 0.865

Temp: 1,Exit :4,0: bin0(<0.2),Samples: 36541,accuracy: 0.163,avg_conf: 0.106
Temp: 1,Exit :4,1: bin1(<0.4),Samples: 10070,accuracy: 0.392,avg_conf: 0.275
Temp: 1,Exit :4,2: bin2(<0.6),Samples: 2405,accuracy: 0.63,avg_conf: 0.48
Temp: 1,Exit :4,3: bin3(<0.8),Samples: 752,accuracy: 0.767,avg_conf: 0.68
Temp: 1,Exit :4,4: bin4(<1.0),Samples: 216,accuracy: 0.884,avg_conf: 0.868

Temp: 1,Exit :5,0: bin0(<0.2),Samples: 36242,accuracy: 0.166,avg_conf: 0.107
Temp: 1,Exit :5,1: bin1(<0.4),Samples: 10204,accuracy: 0.394,avg_conf: 0.275
Temp: 1,Exit :5,2: bin2(<0.6),Samples: 2503,accuracy: 0.638,avg_conf: 0.48
Temp: 1,Exit :5,3: bin3(<0.8),Samples: 812,accuracy: 0.782,avg_conf: 0.681
Temp: 1,Exit :5,4: bin4(<1.0),Samples: 223,accuracy: 0.901,avg_conf: 0.87

Temp: 1,Exit :6,0: bin0(<0.2),Samples: 31741,accuracy: 0.177,avg_conf: 0.114
Temp: 1,Exit :6,1: bin1(<0.4),Samples: 12336,accuracy: 0.414,avg_conf: 0.279
Temp: 1,Exit :6,2: bin2(<0.6),Samples: 3863,accuracy: 0.66,avg_conf: 0.483
Temp: 1,Exit :6,3: bin3(<0.8),Samples: 1478,accuracy: 0.834,avg_conf: 0.683
Temp: 1,Exit :6,4: bin4(<1.0),Samples: 566,accuracy: 0.929,avg_conf: 0.874

Temp: 1,Exit :7,0: bin0(<0.2),Samples: 26148,accuracy: 0.192,avg_conf: 0.122
Temp: 1,Exit :7,1: bin1(<0.4),Samples: 14487,accuracy: 0.428,avg_conf: 0.282
Temp: 1,Exit :7,2: bin2(<0.6),Samples: 5457,accuracy: 0.666,avg_conf: 0.485
Temp: 1,Exit :7,3: bin3(<0.8),Samples: 2578,accuracy: 0.839,avg_conf: 0.691
Temp: 1,Exit :7,4: bin4(<1.0),Samples: 1314,accuracy: 0.954,avg_conf: 0.881

Temp: 1,Exit :8,0: bin0(<0.2),Samples: 22917,accuracy: 0.2,avg_conf: 0.127
Temp: 1,Exit :8,1: bin1(<0.4),Samples: 15268,accuracy: 0.433,avg_conf: 0.283
Temp: 1,Exit :8,2: bin2(<0.6),Samples: 6379,accuracy: 0.668,avg_conf: 0.486
Temp: 1,Exit :8,3: bin3(<0.8),Samples: 3420,accuracy: 0.865,avg_conf: 0.694
Temp: 1,Exit :8,4: bin4(<1.0),Samples: 2000,accuracy: 0.958,avg_conf: 0.889

Temp: 1,Exit :9,0: bin0(<0.2),Samples: 10617,accuracy: 0.195,avg_conf: 0.137
Temp: 1,Exit :9,1: bin1(<0.4),Samples: 13361,accuracy: 0.413,avg_conf: 0.292
Temp: 1,Exit :9,2: bin2(<0.6),Samples: 9235,accuracy: 0.667,avg_conf: 0.493
Temp: 1,Exit :9,3: bin3(<0.8),Samples: 6998,accuracy: 0.855,avg_conf: 0.698
Temp: 1,Exit :9,4: bin4(<1.0),Samples: 9773,accuracy: 0.974,avg_conf: 0.916

Temp: 1,Exit :10,0: bin0(<0.2),Samples: 8520,accuracy: 0.194,avg_conf: 0.138
Temp: 1,Exit :10,1: bin1(<0.4),Samples: 12012,accuracy: 0.419,avg_conf: 0.295
Temp: 1,Exit :10,2: bin2(<0.6),Samples: 9012,accuracy: 0.667,avg_conf: 0.495
Temp: 1,Exit :10,3: bin3(<0.8),Samples: 7600,accuracy: 0.864,avg_conf: 0.7
Temp: 1,Exit :10,4: bin4(<1.0),Samples: 12840,accuracy: 0.978,avg_conf: 0.922

Temp: 1,Exit :11,0: bin0(<0.2),Samples: 7076,accuracy: 0.194,avg_conf: 0.138
Temp: 1,Exit :11,1: bin1(<0.4),Samples: 10381,accuracy: 0.424,avg_conf: 0.297
Temp: 1,Exit :11,2: bin2(<0.6),Samples: 8571,accuracy: 0.678,avg_conf: 0.497
Temp: 1,Exit :11,3: bin3(<0.8),Samples: 8053,accuracy: 0.872,avg_conf: 0.702
Temp: 1,Exit :11,4: bin4(<1.0),Samples: 15903,accuracy: 0.983,avg_conf: 0.928

Temp: 1,Exit :12,0: bin0(<0.2),Samples: 6393,accuracy: 0.19,avg_conf: 0.138
Temp: 1,Exit :12,1: bin1(<0.4),Samples: 9543,accuracy: 0.418,avg_conf: 0.297
Temp: 1,Exit :12,2: bin2(<0.6),Samples: 8497,accuracy: 0.676,avg_conf: 0.498
Temp: 1,Exit :12,3: bin3(<0.8),Samples: 8130,accuracy: 0.878,avg_conf: 0.703
Temp: 1,Exit :12,4: bin4(<1.0),Samples: 17421,accuracy: 0.984,avg_conf: 0.929

Temp: 1,Exit :13,0: bin0(<0.2),Samples: 5993,accuracy: 0.192,avg_conf: 0.137
Temp: 1,Exit :13,1: bin1(<0.4),Samples: 9074,accuracy: 0.418,avg_conf: 0.298
Temp: 1,Exit :13,2: bin2(<0.6),Samples: 8195,accuracy: 0.677,avg_conf: 0.498
Temp: 1,Exit :13,3: bin3(<0.8),Samples: 8158,accuracy: 0.88,avg_conf: 0.704
Temp: 1,Exit :13,4: bin4(<1.0),Samples: 18564,accuracy: 0.986,avg_conf: 0.93

Temp: 1,Exit :14,0: bin0(<0.2),Samples: 4551,accuracy: 0.192,avg_conf: 0.132
Temp: 1,Exit :14,1: bin1(<0.4),Samples: 5737,accuracy: 0.408,avg_conf: 0.297
Temp: 1,Exit :14,2: bin2(<0.6),Samples: 5531,accuracy: 0.635,avg_conf: 0.499
Temp: 1,Exit :14,3: bin3(<0.8),Samples: 5980,accuracy: 0.844,avg_conf: 0.706
Temp: 1,Exit :14,4: bin4(<1.0),Samples: 28184,accuracy: 0.984,avg_conf: 0.95

Temp: 1,Exit :15,0: bin0(<0.2),Samples: 2235,accuracy: 0.155,avg_conf: 0.146
Temp: 1,Exit :15,1: bin1(<0.4),Samples: 4800,accuracy: 0.356,avg_conf: 0.3
Temp: 1,Exit :15,2: bin2(<0.6),Samples: 4811,accuracy: 0.597,avg_conf: 0.499
Temp: 1,Exit :15,3: bin3(<0.8),Samples: 6771,accuracy: 0.857,avg_conf: 0.714
Temp: 1,Exit :15,4: bin4(<1.0),Samples: 31367,accuracy: 0.99,avg_conf: 0.899

Temp: 1.0,Exit :0,0: bin0(<0.2),Samples: 45715,accuracy: 0.123,avg_conf: 0.073
Temp: 1.0,Exit :0,1: bin1(<0.4),Samples: 3577,accuracy: 0.385,avg_conf: 0.269
Temp: 1.0,Exit :0,2: bin2(<0.6),Samples: 568,accuracy: 0.526,avg_conf: 0.474
Temp: 1.0,Exit :0,3: bin3(<0.8),Samples: 118,accuracy: 0.729,avg_conf: 0.663
Temp: 1.0,Exit :0,4: bin4(<1.0),Samples: 6,accuracy: 0.833,avg_conf: 0.84

Temp: 1.0,Exit :1,0: bin0(<0.2),Samples: 44781,accuracy: 0.128,avg_conf: 0.079
Temp: 1.0,Exit :1,1: bin1(<0.4),Samples: 4297,accuracy: 0.363,avg_conf: 0.269
Temp: 1.0,Exit :1,2: bin2(<0.6),Samples: 705,accuracy: 0.538,avg_conf: 0.476
Temp: 1.0,Exit :1,3: bin3(<0.8),Samples: 178,accuracy: 0.691,avg_conf: 0.674
Temp: 1.0,Exit :1,4: bin4(<1.0),Samples: 23,accuracy: 0.826,avg_conf: 0.876

Temp: 1.0,Exit :2,0: bin0(<0.2),Samples: 39784,accuracy: 0.153,avg_conf: 0.098
Temp: 1.0,Exit :2,1: bin1(<0.4),Samples: 7928,accuracy: 0.375,avg_conf: 0.273
Temp: 1.0,Exit :2,2: bin2(<0.6),Samples: 1722,accuracy: 0.612,avg_conf: 0.48
Temp: 1.0,Exit :2,3: bin3(<0.8),Samples: 466,accuracy: 0.764,avg_conf: 0.677
Temp: 1.0,Exit :2,4: bin4(<1.0),Samples: 84,accuracy: 0.881,avg_conf: 0.865

Temp: 1.0,Exit :3,0: bin0(<0.2),Samples: 37234,accuracy: 0.16,avg_conf: 0.105
Temp: 1.0,Exit :3,1: bin1(<0.4),Samples: 9540,accuracy: 0.384,avg_conf: 0.274
Temp: 1.0,Exit :3,2: bin2(<0.6),Samples: 2318,accuracy: 0.625,avg_conf: 0.481
Temp: 1.0,Exit :3,3: bin3(<0.8),Samples: 727,accuracy: 0.784,avg_conf: 0.682
Temp: 1.0,Exit :3,4: bin4(<1.0),Samples: 165,accuracy: 0.915,avg_conf: 0.862

Temp: 1.0,Exit :4,0: bin0(<0.2),Samples: 36701,accuracy: 0.164,avg_conf: 0.106
Temp: 1.0,Exit :4,1: bin1(<0.4),Samples: 9854,accuracy: 0.387,avg_conf: 0.275
Temp: 1.0,Exit :4,2: bin2(<0.6),Samples: 2460,accuracy: 0.637,avg_conf: 0.479
Temp: 1.0,Exit :4,3: bin3(<0.8),Samples: 769,accuracy: 0.788,avg_conf: 0.68
Temp: 1.0,Exit :4,4: bin4(<1.0),Samples: 200,accuracy: 0.92,avg_conf: 0.87

Temp: 1.0,Exit :5,0: bin0(<0.2),Samples: 36363,accuracy: 0.166,avg_conf: 0.107
Temp: 1.0,Exit :5,1: bin1(<0.4),Samples: 10037,accuracy: 0.389,avg_conf: 0.275
Temp: 1.0,Exit :5,2: bin2(<0.6),Samples: 2568,accuracy: 0.64,avg_conf: 0.48
Temp: 1.0,Exit :5,3: bin3(<0.8),Samples: 799,accuracy: 0.819,avg_conf: 0.682
Temp: 1.0,Exit :5,4: bin4(<1.0),Samples: 217,accuracy: 0.899,avg_conf: 0.867

Temp: 1.0,Exit :6,0: bin0(<0.2),Samples: 31628,accuracy: 0.178,avg_conf: 0.114
Temp: 1.0,Exit :6,1: bin1(<0.4),Samples: 12363,accuracy: 0.421,avg_conf: 0.278
Temp: 1.0,Exit :6,2: bin2(<0.6),Samples: 3935,accuracy: 0.658,avg_conf: 0.482
Temp: 1.0,Exit :6,3: bin3(<0.8),Samples: 1516,accuracy: 0.845,avg_conf: 0.684
Temp: 1.0,Exit :6,4: bin4(<1.0),Samples: 542,accuracy: 0.948,avg_conf: 0.877

Temp: 1.0,Exit :7,0: bin0(<0.2),Samples: 26107,accuracy: 0.194,avg_conf: 0.122
Temp: 1.0,Exit :7,1: bin1(<0.4),Samples: 14512,accuracy: 0.426,avg_conf: 0.282
Temp: 1.0,Exit :7,2: bin2(<0.6),Samples: 5480,accuracy: 0.669,avg_conf: 0.487
Temp: 1.0,Exit :7,3: bin3(<0.8),Samples: 2588,accuracy: 0.853,avg_conf: 0.69
Temp: 1.0,Exit :7,4: bin4(<1.0),Samples: 1297,accuracy: 0.953,avg_conf: 0.883

Temp: 1.0,Exit :8,0: bin0(<0.2),Samples: 22922,accuracy: 0.197,avg_conf: 0.126
Temp: 1.0,Exit :8,1: bin1(<0.4),Samples: 15293,accuracy: 0.439,avg_conf: 0.284
Temp: 1.0,Exit :8,2: bin2(<0.6),Samples: 6359,accuracy: 0.679,avg_conf: 0.489
Temp: 1.0,Exit :8,3: bin3(<0.8),Samples: 3389,accuracy: 0.858,avg_conf: 0.691
Temp: 1.0,Exit :8,4: bin4(<1.0),Samples: 2021,accuracy: 0.955,avg_conf: 0.887

Temp: 1.0,Exit :9,0: bin0(<0.2),Samples: 10593,accuracy: 0.19,avg_conf: 0.136
Temp: 1.0,Exit :9,1: bin1(<0.4),Samples: 13602,accuracy: 0.41,avg_conf: 0.294
Temp: 1.0,Exit :9,2: bin2(<0.6),Samples: 8887,accuracy: 0.672,avg_conf: 0.494
Temp: 1.0,Exit :9,3: bin3(<0.8),Samples: 7134,accuracy: 0.854,avg_conf: 0.698
Temp: 1.0,Exit :9,4: bin4(<1.0),Samples: 9768,accuracy: 0.974,avg_conf: 0.915

Temp: 1.0,Exit :10,0: bin0(<0.2),Samples: 8562,accuracy: 0.186,avg_conf: 0.137
Temp: 1.0,Exit :10,1: bin1(<0.4),Samples: 12052,accuracy: 0.414,avg_conf: 0.295
Temp: 1.0,Exit :10,2: bin2(<0.6),Samples: 8861,accuracy: 0.659,avg_conf: 0.494
Temp: 1.0,Exit :10,3: bin3(<0.8),Samples: 7632,accuracy: 0.866,avg_conf: 0.701
Temp: 1.0,Exit :10,4: bin4(<1.0),Samples: 12877,accuracy: 0.978,avg_conf: 0.922

Temp: 1.0,Exit :11,0: bin0(<0.2),Samples: 7102,accuracy: 0.193,avg_conf: 0.137
Temp: 1.0,Exit :11,1: bin1(<0.4),Samples: 10347,accuracy: 0.423,avg_conf: 0.295
Temp: 1.0,Exit :11,2: bin2(<0.6),Samples: 8552,accuracy: 0.675,avg_conf: 0.497
Temp: 1.0,Exit :11,3: bin3(<0.8),Samples: 7872,accuracy: 0.866,avg_conf: 0.702
Temp: 1.0,Exit :11,4: bin4(<1.0),Samples: 16111,accuracy: 0.984,avg_conf: 0.927

Temp: 1.0,Exit :12,0: bin0(<0.2),Samples: 6373,accuracy: 0.193,avg_conf: 0.137
Temp: 1.0,Exit :12,1: bin1(<0.4),Samples: 9582,accuracy: 0.42,avg_conf: 0.295
Temp: 1.0,Exit :12,2: bin2(<0.6),Samples: 8366,accuracy: 0.676,avg_conf: 0.497
Temp: 1.0,Exit :12,3: bin3(<0.8),Samples: 8096,accuracy: 0.874,avg_conf: 0.703
Temp: 1.0,Exit :12,4: bin4(<1.0),Samples: 17567,accuracy: 0.983,avg_conf: 0.928

Temp: 1.0,Exit :13,0: bin0(<0.2),Samples: 5949,accuracy: 0.187,avg_conf: 0.137
Temp: 1.0,Exit :13,1: bin1(<0.4),Samples: 9126,accuracy: 0.421,avg_conf: 0.298
Temp: 1.0,Exit :13,2: bin2(<0.6),Samples: 8112,accuracy: 0.666,avg_conf: 0.498
Temp: 1.0,Exit :13,3: bin3(<0.8),Samples: 8079,accuracy: 0.874,avg_conf: 0.705
Temp: 1.0,Exit :13,4: bin4(<1.0),Samples: 18718,accuracy: 0.986,avg_conf: 0.929

Temp: 1.0,Exit :14,0: bin0(<0.2),Samples: 4435,accuracy: 0.214,avg_conf: 0.132
Temp: 1.0,Exit :14,1: bin1(<0.4),Samples: 5743,accuracy: 0.425,avg_conf: 0.298
Temp: 1.0,Exit :14,2: bin2(<0.6),Samples: 5452,accuracy: 0.625,avg_conf: 0.499
Temp: 1.0,Exit :14,3: bin3(<0.8),Samples: 5983,accuracy: 0.827,avg_conf: 0.706
Temp: 1.0,Exit :14,4: bin4(<1.0),Samples: 28370,accuracy: 0.984,avg_conf: 0.951

Temp: 1.0,Exit :15,0: bin0(<0.2),Samples: 2242,accuracy: 0.161,avg_conf: 0.147
Temp: 1.0,Exit :15,1: bin1(<0.4),Samples: 4601,accuracy: 0.342,avg_conf: 0.302
Temp: 1.0,Exit :15,2: bin2(<0.6),Samples: 4831,accuracy: 0.587,avg_conf: 0.499
Temp: 1.0,Exit :15,3: bin3(<0.8),Samples: 6817,accuracy: 0.854,avg_conf: 0.714
Temp: 1.0,Exit :15,4: bin4(<1.0),Samples: 31493,accuracy: 0.989,avg_conf: 0.899

Temp: 2.0,Exit :0,0: bin0(<0.2),Samples: 49926,accuracy: 0.146,avg_conf: 0.036
Temp: 2.0,Exit :0,1: bin1(<0.4),Samples: 57,accuracy: 0.649,avg_conf: 0.248
Temp: 2.0,Exit :0,2: bin2(<0.6),Samples: 1,accuracy: 1.0,avg_conf: 0.459
Temp: 2.0,Exit :0,3: bin3(<0.8),Samples: 0,accuracy: 0.0,avg_conf: 0.0
Temp: 2.0,Exit :0,4: bin4(<1.0),Samples: 0,accuracy: 0.0,avg_conf: 0.0

Temp: 2.0,Exit :1,0: bin0(<0.2),Samples: 49865,accuracy: 0.154,avg_conf: 0.039
Temp: 2.0,Exit :1,1: bin1(<0.4),Samples: 118,accuracy: 0.737,avg_conf: 0.254
Temp: 2.0,Exit :1,2: bin2(<0.6),Samples: 1,accuracy: 1.0,avg_conf: 0.472
Temp: 2.0,Exit :1,3: bin3(<0.8),Samples: 0,accuracy: 0.0,avg_conf: 0.0
Temp: 2.0,Exit :1,4: bin4(<1.0),Samples: 0,accuracy: 0.0,avg_conf: 0.0

Temp: 2.0,Exit :2,0: bin0(<0.2),Samples: 49631,accuracy: 0.209,avg_conf: 0.05
Temp: 2.0,Exit :2,1: bin1(<0.4),Samples: 343,accuracy: 0.752,avg_conf: 0.248
Temp: 2.0,Exit :2,2: bin2(<0.6),Samples: 10,accuracy: 0.9,avg_conf: 0.464
Temp: 2.0,Exit :2,3: bin3(<0.8),Samples: 0,accuracy: 0.0,avg_conf: 0.0
Temp: 2.0,Exit :2,4: bin4(<1.0),Samples: 0,accuracy: 0.0,avg_conf: 0.0

Temp: 2.0,Exit :3,0: bin0(<0.2),Samples: 49324,accuracy: 0.228,avg_conf: 0.055
Temp: 2.0,Exit :3,1: bin1(<0.4),Samples: 627,accuracy: 0.73,avg_conf: 0.251
Temp: 2.0,Exit :3,2: bin2(<0.6),Samples: 31,accuracy: 1.0,avg_conf: 0.459
Temp: 2.0,Exit :3,3: bin3(<0.8),Samples: 2,accuracy: 1.0,avg_conf: 0.638
Temp: 2.0,Exit :3,4: bin4(<1.0),Samples: 0,accuracy: 0.0,avg_conf: 0.0

Temp: 2.0,Exit :4,0: bin0(<0.2),Samples: 49254,accuracy: 0.236,avg_conf: 0.056
Temp: 2.0,Exit :4,1: bin1(<0.4),Samples: 684,accuracy: 0.759,avg_conf: 0.252
Temp: 2.0,Exit :4,2: bin2(<0.6),Samples: 41,accuracy: 0.951,avg_conf: 0.456
Temp: 2.0,Exit :4,3: bin3(<0.8),Samples: 5,accuracy: 1.0,avg_conf: 0.682
Temp: 2.0,Exit :4,4: bin4(<1.0),Samples: 0,accuracy: 0.0,avg_conf: 0.0

Temp: 2.0,Exit :5,0: bin0(<0.2),Samples: 49186,accuracy: 0.24,avg_conf: 0.057
Temp: 2.0,Exit :5,1: bin1(<0.4),Samples: 747,accuracy: 0.762,avg_conf: 0.251
Temp: 2.0,Exit :5,2: bin2(<0.6),Samples: 46,accuracy: 0.978,avg_conf: 0.456
Temp: 2.0,Exit :5,3: bin3(<0.8),Samples: 5,accuracy: 1.0,avg_conf: 0.665
Temp: 2.0,Exit :5,4: bin4(<1.0),Samples: 0,accuracy: 0.0,avg_conf: 0.0

Temp: 2.0,Exit :6,0: bin0(<0.2),Samples: 48198,accuracy: 0.283,avg_conf: 0.064
Temp: 2.0,Exit :6,1: bin1(<0.4),Samples: 1621,accuracy: 0.812,avg_conf: 0.259
Temp: 2.0,Exit :6,2: bin2(<0.6),Samples: 137,accuracy: 0.949,avg_conf: 0.464
Temp: 2.0,Exit :6,3: bin3(<0.8),Samples: 21,accuracy: 1.0,avg_conf: 0.675
Temp: 2.0,Exit :6,4: bin4(<1.0),Samples: 7,accuracy: 1.0,avg_conf: 0.862

Temp: 2.0,Exit :7,0: bin0(<0.2),Samples: 46358,accuracy: 0.327,avg_conf: 0.074
Temp: 2.0,Exit :7,1: bin1(<0.4),Samples: 3152,accuracy: 0.82,avg_conf: 0.265
Temp: 2.0,Exit :7,2: bin2(<0.6),Samples: 395,accuracy: 0.949,avg_conf: 0.471
Temp: 2.0,Exit :7,3: bin3(<0.8),Samples: 68,accuracy: 0.985,avg_conf: 0.664
Temp: 2.0,Exit :7,4: bin4(<1.0),Samples: 11,accuracy: 1.0,avg_conf: 0.878

Temp: 2.0,Exit :8,0: bin0(<0.2),Samples: 44865,accuracy: 0.356,avg_conf: 0.079
Temp: 2.0,Exit :8,1: bin1(<0.4),Samples: 4255,accuracy: 0.821,avg_conf: 0.268
Temp: 2.0,Exit :8,2: bin2(<0.6),Samples: 705,accuracy: 0.948,avg_conf: 0.472
Temp: 2.0,Exit :8,3: bin3(<0.8),Samples: 133,accuracy: 0.985,avg_conf: 0.666
Temp: 2.0,Exit :8,4: bin4(<1.0),Samples: 26,accuracy: 1.0,avg_conf: 0.875

Temp: 2.0,Exit :9,0: bin0(<0.2),Samples: 33118,accuracy: 0.426,avg_conf: 0.097
Temp: 2.0,Exit :9,1: bin1(<0.4),Samples: 10822,accuracy: 0.841,avg_conf: 0.283
Temp: 2.0,Exit :9,2: bin2(<0.6),Samples: 4007,accuracy: 0.964,avg_conf: 0.487
Temp: 2.0,Exit :9,3: bin3(<0.8),Samples: 1666,accuracy: 0.994,avg_conf: 0.684
Temp: 2.0,Exit :9,4: bin4(<1.0),Samples: 371,accuracy: 0.997,avg_conf: 0.856

Temp: 2.0,Exit :10,0: bin0(<0.2),Samples: 29764,accuracy: 0.448,avg_conf: 0.1
Temp: 2.0,Exit :10,1: bin1(<0.4),Samples: 12052,accuracy: 0.859,avg_conf: 0.285
Temp: 2.0,Exit :10,2: bin2(<0.6),Samples: 5146,accuracy: 0.972,avg_conf: 0.487
Temp: 2.0,Exit :10,3: bin3(<0.8),Samples: 2419,accuracy: 0.996,avg_conf: 0.685
Temp: 2.0,Exit :10,4: bin4(<1.0),Samples: 603,accuracy: 0.998,avg_conf: 0.859

Temp: 2.0,Exit :11,0: bin0(<0.2),Samples: 26427,accuracy: 0.461,avg_conf: 0.103
Temp: 2.0,Exit :11,1: bin1(<0.4),Samples: 13395,accuracy: 0.883,avg_conf: 0.287
Temp: 2.0,Exit :11,2: bin2(<0.6),Samples: 6449,accuracy: 0.982,avg_conf: 0.489
Temp: 2.0,Exit :11,3: bin3(<0.8),Samples: 2952,accuracy: 0.997,avg_conf: 0.686
Temp: 2.0,Exit :11,4: bin4(<1.0),Samples: 761,accuracy: 0.997,avg_conf: 0.865

Temp: 2.0,Exit :12,0: bin0(<0.2),Samples: 25123,accuracy: 0.468,avg_conf: 0.105
Temp: 2.0,Exit :12,1: bin1(<0.4),Samples: 13978,accuracy: 0.892,avg_conf: 0.288
Temp: 2.0,Exit :12,2: bin2(<0.6),Samples: 7116,accuracy: 0.986,avg_conf: 0.489
Temp: 2.0,Exit :12,3: bin3(<0.8),Samples: 3203,accuracy: 0.998,avg_conf: 0.683
Temp: 2.0,Exit :12,4: bin4(<1.0),Samples: 564,accuracy: 1.0,avg_conf: 0.857

Temp: 2.0,Exit :13,0: bin0(<0.2),Samples: 24113,accuracy: 0.473,avg_conf: 0.105
Temp: 2.0,Exit :13,1: bin1(<0.4),Samples: 14380,accuracy: 0.9,avg_conf: 0.289
Temp: 2.0,Exit :13,2: bin2(<0.6),Samples: 7695,accuracy: 0.987,avg_conf: 0.489
Temp: 2.0,Exit :13,3: bin3(<0.8),Samples: 3273,accuracy: 0.998,avg_conf: 0.681
Temp: 2.0,Exit :13,4: bin4(<1.0),Samples: 523,accuracy: 1.0,avg_conf: 0.851

Temp: 2.0,Exit :14,0: bin0(<0.2),Samples: 19227,accuracy: 0.506,avg_conf: 0.105
Temp: 2.0,Exit :14,1: bin1(<0.4),Samples: 14125,accuracy: 0.927,avg_conf: 0.295
Temp: 2.0,Exit :14,2: bin2(<0.6),Samples: 9866,accuracy: 0.991,avg_conf: 0.493
Temp: 2.0,Exit :14,3: bin3(<0.8),Samples: 5231,accuracy: 0.998,avg_conf: 0.686
Temp: 2.0,Exit :14,4: bin4(<1.0),Samples: 1535,accuracy: 1.0,avg_conf: 0.868

Temp: 2.0,Exit :15,0: bin0(<0.2),Samples: 19992,accuracy: 0.603,avg_conf: 0.128
Temp: 2.0,Exit :15,1: bin1(<0.4),Samples: 28789,accuracy: 0.985,avg_conf: 0.26
Temp: 2.0,Exit :15,2: bin2(<0.6),Samples: 1160,accuracy: 0.995,avg_conf: 0.455
Temp: 2.0,Exit :15,3: bin3(<0.8),Samples: 39,accuracy: 1.0,avg_conf: 0.648
Temp: 2.0,Exit :15,4: bin4(<1.0),Samples: 4,accuracy: 1.0,avg_conf: 0.817

Temp: 3.0,Exit :0,0: bin0(<0.2),Samples: 49983,accuracy: 0.149,avg_conf: 0.024
Temp: 3.0,Exit :0,1: bin1(<0.4),Samples: 1,accuracy: 0.0,avg_conf: 0.212
Temp: 3.0,Exit :0,2: bin2(<0.6),Samples: 0,accuracy: 0.0,avg_conf: 0.0
Temp: 3.0,Exit :0,3: bin3(<0.8),Samples: 0,accuracy: 0.0,avg_conf: 0.0
Temp: 3.0,Exit :0,4: bin4(<1.0),Samples: 0,accuracy: 0.0,avg_conf: 0.0

Temp: 3.0,Exit :1,0: bin0(<0.2),Samples: 49983,accuracy: 0.157,avg_conf: 0.026
Temp: 3.0,Exit :1,1: bin1(<0.4),Samples: 1,accuracy: 1.0,avg_conf: 0.2
Temp: 3.0,Exit :1,2: bin2(<0.6),Samples: 0,accuracy: 0.0,avg_conf: 0.0
Temp: 3.0,Exit :1,3: bin3(<0.8),Samples: 0,accuracy: 0.0,avg_conf: 0.0
Temp: 3.0,Exit :1,4: bin4(<1.0),Samples: 0,accuracy: 0.0,avg_conf: 0.0

Temp: 3.0,Exit :2,0: bin0(<0.2),Samples: 49980,accuracy: 0.212,avg_conf: 0.031
Temp: 3.0,Exit :2,1: bin1(<0.4),Samples: 4,accuracy: 1.0,avg_conf: 0.235
Temp: 3.0,Exit :2,2: bin2(<0.6),Samples: 0,accuracy: 0.0,avg_conf: 0.0
Temp: 3.0,Exit :2,3: bin3(<0.8),Samples: 0,accuracy: 0.0,avg_conf: 0.0
Temp: 3.0,Exit :2,4: bin4(<1.0),Samples: 0,accuracy: 0.0,avg_conf: 0.0

Temp: 3.0,Exit :3,0: bin0(<0.2),Samples: 49969,accuracy: 0.237,avg_conf: 0.034
Temp: 3.0,Exit :3,1: bin1(<0.4),Samples: 15,accuracy: 0.8,avg_conf: 0.245
Temp: 3.0,Exit :3,2: bin2(<0.6),Samples: 0,accuracy: 0.0,avg_conf: 0.0
Temp: 3.0,Exit :3,3: bin3(<0.8),Samples: 0,accuracy: 0.0,avg_conf: 0.0
Temp: 3.0,Exit :3,4: bin4(<1.0),Samples: 0,accuracy: 0.0,avg_conf: 0.0

Temp: 3.0,Exit :4,0: bin0(<0.2),Samples: 49966,accuracy: 0.245,avg_conf: 0.035
Temp: 3.0,Exit :4,1: bin1(<0.4),Samples: 18,accuracy: 0.778,avg_conf: 0.245
Temp: 3.0,Exit :4,2: bin2(<0.6),Samples: 0,accuracy: 0.0,avg_conf: 0.0
Temp: 3.0,Exit :4,3: bin3(<0.8),Samples: 0,accuracy: 0.0,avg_conf: 0.0
Temp: 3.0,Exit :4,4: bin4(<1.0),Samples: 0,accuracy: 0.0,avg_conf: 0.0

Temp: 3.0,Exit :5,0: bin0(<0.2),Samples: 49965,accuracy: 0.25,avg_conf: 0.035
Temp: 3.0,Exit :5,1: bin1(<0.4),Samples: 19,accuracy: 0.789,avg_conf: 0.247
Temp: 3.0,Exit :5,2: bin2(<0.6),Samples: 0,accuracy: 0.0,avg_conf: 0.0
Temp: 3.0,Exit :5,3: bin3(<0.8),Samples: 0,accuracy: 0.0,avg_conf: 0.0
Temp: 3.0,Exit :5,4: bin4(<1.0),Samples: 0,accuracy: 0.0,avg_conf: 0.0

Temp: 3.0,Exit :6,0: bin0(<0.2),Samples: 49885,accuracy: 0.306,avg_conf: 0.04
Temp: 3.0,Exit :6,1: bin1(<0.4),Samples: 91,accuracy: 0.912,avg_conf: 0.242
Temp: 3.0,Exit :6,2: bin2(<0.6),Samples: 7,accuracy: 1.0,avg_conf: 0.454
Temp: 3.0,Exit :6,3: bin3(<0.8),Samples: 1,accuracy: 1.0,avg_conf: 0.627
Temp: 3.0,Exit :6,4: bin4(<1.0),Samples: 0,accuracy: 0.0,avg_conf: 0.0

Temp: 3.0,Exit :7,0: bin0(<0.2),Samples: 49670,accuracy: 0.363,avg_conf: 0.047
Temp: 3.0,Exit :7,1: bin1(<0.4),Samples: 300,accuracy: 0.92,avg_conf: 0.252
Temp: 3.0,Exit :7,2: bin2(<0.6),Samples: 12,accuracy: 1.0,avg_conf: 0.48
Temp: 3.0,Exit :7,3: bin3(<0.8),Samples: 2,accuracy: 1.0,avg_conf: 0.649
Temp: 3.0,Exit :7,4: bin4(<1.0),Samples: 0,accuracy: 0.0,avg_conf: 0.0

Temp: 3.0,Exit :8,0: bin0(<0.2),Samples: 49406,accuracy: 0.4,avg_conf: 0.052
Temp: 3.0,Exit :8,1: bin1(<0.4),Samples: 543,accuracy: 0.941,avg_conf: 0.253
Temp: 3.0,Exit :8,2: bin2(<0.6),Samples: 31,accuracy: 1.0,avg_conf: 0.472
Temp: 3.0,Exit :8,3: bin3(<0.8),Samples: 4,accuracy: 1.0,avg_conf: 0.698
Temp: 3.0,Exit :8,4: bin4(<1.0),Samples: 0,accuracy: 0.0,avg_conf: 0.0

Temp: 3.0,Exit :9,0: bin0(<0.2),Samples: 45500,accuracy: 0.548,avg_conf: 0.074
Temp: 3.0,Exit :9,1: bin1(<0.4),Samples: 3981,accuracy: 0.959,avg_conf: 0.265
Temp: 3.0,Exit :9,2: bin2(<0.6),Samples: 461,accuracy: 0.996,avg_conf: 0.473
Temp: 3.0,Exit :9,3: bin3(<0.8),Samples: 41,accuracy: 1.0,avg_conf: 0.665
Temp: 3.0,Exit :9,4: bin4(<1.0),Samples: 1,accuracy: 1.0,avg_conf: 0.896

Temp: 3.0,Exit :10,0: bin0(<0.2),Samples: 44161,accuracy: 0.592,avg_conf: 0.079
Temp: 3.0,Exit :10,1: bin1(<0.4),Samples: 5055,accuracy: 0.975,avg_conf: 0.267
Temp: 3.0,Exit :10,2: bin2(<0.6),Samples: 689,accuracy: 0.996,avg_conf: 0.468
Temp: 3.0,Exit :10,3: bin3(<0.8),Samples: 78,accuracy: 1.0,avg_conf: 0.655
Temp: 3.0,Exit :10,4: bin4(<1.0),Samples: 1,accuracy: 1.0,avg_conf: 0.912

Temp: 3.0,Exit :11,0: bin0(<0.2),Samples: 43107,accuracy: 0.635,avg_conf: 0.084
Temp: 3.0,Exit :11,1: bin1(<0.4),Samples: 6017,accuracy: 0.985,avg_conf: 0.266
Temp: 3.0,Exit :11,2: bin2(<0.6),Samples: 748,accuracy: 0.996,avg_conf: 0.468
Temp: 3.0,Exit :11,3: bin3(<0.8),Samples: 98,accuracy: 1.0,avg_conf: 0.683
Temp: 3.0,Exit :11,4: bin4(<1.0),Samples: 14,accuracy: 1.0,avg_conf: 0.872

Temp: 3.0,Exit :12,0: bin0(<0.2),Samples: 43026,accuracy: 0.656,avg_conf: 0.087
Temp: 3.0,Exit :12,1: bin1(<0.4),Samples: 6344,accuracy: 0.989,avg_conf: 0.264
Temp: 3.0,Exit :12,2: bin2(<0.6),Samples: 574,accuracy: 0.997,avg_conf: 0.46
Temp: 3.0,Exit :12,3: bin3(<0.8),Samples: 37,accuracy: 1.0,avg_conf: 0.651
Temp: 3.0,Exit :12,4: bin4(<1.0),Samples: 3,accuracy: 1.0,avg_conf: 0.828

Temp: 3.0,Exit :13,0: bin0(<0.2),Samples: 42811,accuracy: 0.673,avg_conf: 0.089
Temp: 3.0,Exit :13,1: bin1(<0.4),Samples: 6658,accuracy: 0.991,avg_conf: 0.262
Temp: 3.0,Exit :13,2: bin2(<0.6),Samples: 496,accuracy: 0.996,avg_conf: 0.459
Temp: 3.0,Exit :13,3: bin3(<0.8),Samples: 19,accuracy: 1.0,avg_conf: 0.67
Temp: 3.0,Exit :13,4: bin4(<1.0),Samples: 0,accuracy: 0.0,avg_conf: 0.0

Temp: 3.0,Exit :14,0: bin0(<0.2),Samples: 40371,accuracy: 0.741,avg_conf: 0.095
Temp: 3.0,Exit :14,1: bin1(<0.4),Samples: 8545,accuracy: 0.995,avg_conf: 0.265
Temp: 3.0,Exit :14,2: bin2(<0.6),Samples: 882,accuracy: 0.999,avg_conf: 0.467
Temp: 3.0,Exit :14,3: bin3(<0.8),Samples: 165,accuracy: 1.0,avg_conf: 0.67
Temp: 3.0,Exit :14,4: bin4(<1.0),Samples: 21,accuracy: 1.0,avg_conf: 0.859

Temp: 3.0,Exit :15,0: bin0(<0.2),Samples: 49830,accuracy: 0.833,avg_conf: 0.085
Temp: 3.0,Exit :15,1: bin1(<0.4),Samples: 154,accuracy: 1.0,avg_conf: 0.231
Temp: 3.0,Exit :15,2: bin2(<0.6),Samples: 0,accuracy: 0.0,avg_conf: 0.0
Temp: 3.0,Exit :15,3: bin3(<0.8),Samples: 0,accuracy: 0.0,avg_conf: 0.0
Temp: 3.0,Exit :15,4: bin4(<1.0),Samples: 0,accuracy: 0.0,avg_conf: 0.0

Temp: 4.0,Exit :0,0: bin0(<0.2),Samples: 49984,accuracy: 0.148,avg_conf: 0.02
Temp: 4.0,Exit :0,1: bin1(<0.4),Samples: 0,accuracy: 0.0,avg_conf: 0.0
Temp: 4.0,Exit :0,2: bin2(<0.6),Samples: 0,accuracy: 0.0,avg_conf: 0.0
Temp: 4.0,Exit :0,3: bin3(<0.8),Samples: 0,accuracy: 0.0,avg_conf: 0.0
Temp: 4.0,Exit :0,4: bin4(<1.0),Samples: 0,accuracy: 0.0,avg_conf: 0.0

Temp: 4.0,Exit :1,0: bin0(<0.2),Samples: 49984,accuracy: 0.158,avg_conf: 0.021
Temp: 4.0,Exit :1,1: bin1(<0.4),Samples: 0,accuracy: 0.0,avg_conf: 0.0
Temp: 4.0,Exit :1,2: bin2(<0.6),Samples: 0,accuracy: 0.0,avg_conf: 0.0
Temp: 4.0,Exit :1,3: bin3(<0.8),Samples: 0,accuracy: 0.0,avg_conf: 0.0
Temp: 4.0,Exit :1,4: bin4(<1.0),Samples: 0,accuracy: 0.0,avg_conf: 0.0

Temp: 4.0,Exit :2,0: bin0(<0.2),Samples: 49984,accuracy: 0.212,avg_conf: 0.024
Temp: 4.0,Exit :2,1: bin1(<0.4),Samples: 0,accuracy: 0.0,avg_conf: 0.0
Temp: 4.0,Exit :2,2: bin2(<0.6),Samples: 0,accuracy: 0.0,avg_conf: 0.0
Temp: 4.0,Exit :2,3: bin3(<0.8),Samples: 0,accuracy: 0.0,avg_conf: 0.0
Temp: 4.0,Exit :2,4: bin4(<1.0),Samples: 0,accuracy: 0.0,avg_conf: 0.0

Temp: 4.0,Exit :3,0: bin0(<0.2),Samples: 49983,accuracy: 0.235,avg_conf: 0.026
Temp: 4.0,Exit :3,1: bin1(<0.4),Samples: 1,accuracy: 1.0,avg_conf: 0.246
Temp: 4.0,Exit :3,2: bin2(<0.6),Samples: 0,accuracy: 0.0,avg_conf: 0.0
Temp: 4.0,Exit :3,3: bin3(<0.8),Samples: 0,accuracy: 0.0,avg_conf: 0.0
Temp: 4.0,Exit :3,4: bin4(<1.0),Samples: 0,accuracy: 0.0,avg_conf: 0.0

Temp: 4.0,Exit :4,0: bin0(<0.2),Samples: 49983,accuracy: 0.244,avg_conf: 0.026
Temp: 4.0,Exit :4,1: bin1(<0.4),Samples: 1,accuracy: 1.0,avg_conf: 0.345
Temp: 4.0,Exit :4,2: bin2(<0.6),Samples: 0,accuracy: 0.0,avg_conf: 0.0
Temp: 4.0,Exit :4,3: bin3(<0.8),Samples: 0,accuracy: 0.0,avg_conf: 0.0
Temp: 4.0,Exit :4,4: bin4(<1.0),Samples: 0,accuracy: 0.0,avg_conf: 0.0

Temp: 4.0,Exit :5,0: bin0(<0.2),Samples: 49983,accuracy: 0.249,avg_conf: 0.026
Temp: 4.0,Exit :5,1: bin1(<0.4),Samples: 1,accuracy: 1.0,avg_conf: 0.356
Temp: 4.0,Exit :5,2: bin2(<0.6),Samples: 0,accuracy: 0.0,avg_conf: 0.0
Temp: 4.0,Exit :5,3: bin3(<0.8),Samples: 0,accuracy: 0.0,avg_conf: 0.0
Temp: 4.0,Exit :5,4: bin4(<1.0),Samples: 0,accuracy: 0.0,avg_conf: 0.0

Temp: 4.0,Exit :6,0: bin0(<0.2),Samples: 49965,accuracy: 0.305,avg_conf: 0.029
Temp: 4.0,Exit :6,1: bin1(<0.4),Samples: 17,accuracy: 1.0,avg_conf: 0.255
Temp: 4.0,Exit :6,2: bin2(<0.6),Samples: 2,accuracy: 1.0,avg_conf: 0.436
Temp: 4.0,Exit :6,3: bin3(<0.8),Samples: 0,accuracy: 0.0,avg_conf: 0.0
Temp: 4.0,Exit :6,4: bin4(<1.0),Samples: 0,accuracy: 0.0,avg_conf: 0.0

Temp: 4.0,Exit :7,0: bin0(<0.2),Samples: 49943,accuracy: 0.366,avg_conf: 0.034
Temp: 4.0,Exit :7,1: bin1(<0.4),Samples: 39,accuracy: 1.0,avg_conf: 0.271
Temp: 4.0,Exit :7,2: bin2(<0.6),Samples: 1,accuracy: 1.0,avg_conf: 0.53
Temp: 4.0,Exit :7,3: bin3(<0.8),Samples: 1,accuracy: 1.0,avg_conf: 0.613
Temp: 4.0,Exit :7,4: bin4(<1.0),Samples: 0,accuracy: 0.0,avg_conf: 0.0

Temp: 4.0,Exit :8,0: bin0(<0.2),Samples: 49915,accuracy: 0.406,avg_conf: 0.037
Temp: 4.0,Exit :8,1: bin1(<0.4),Samples: 64,accuracy: 0.984,avg_conf: 0.251
Temp: 4.0,Exit :8,2: bin2(<0.6),Samples: 3,accuracy: 1.0,avg_conf: 0.473
Temp: 4.0,Exit :8,3: bin3(<0.8),Samples: 2,accuracy: 1.0,avg_conf: 0.613
Temp: 4.0,Exit :8,4: bin4(<1.0),Samples: 0,accuracy: 0.0,avg_conf: 0.0

Temp: 4.0,Exit :9,0: bin0(<0.2),Samples: 49340,accuracy: 0.578,avg_conf: 0.054
Temp: 4.0,Exit :9,1: bin1(<0.4),Samples: 625,accuracy: 0.989,avg_conf: 0.248
Temp: 4.0,Exit :9,2: bin2(<0.6),Samples: 19,accuracy: 1.0,avg_conf: 0.457
Temp: 4.0,Exit :9,3: bin3(<0.8),Samples: 0,accuracy: 0.0,avg_conf: 0.0
Temp: 4.0,Exit :9,4: bin4(<1.0),Samples: 0,accuracy: 0.0,avg_conf: 0.0

Temp: 4.0,Exit :10,0: bin0(<0.2),Samples: 49166,accuracy: 0.629,avg_conf: 0.058
Temp: 4.0,Exit :10,1: bin1(<0.4),Samples: 797,accuracy: 0.99,avg_conf: 0.249
Temp: 4.0,Exit :10,2: bin2(<0.6),Samples: 20,accuracy: 1.0,avg_conf: 0.456
Temp: 4.0,Exit :10,3: bin3(<0.8),Samples: 1,accuracy: 1.0,avg_conf: 0.601
Temp: 4.0,Exit :10,4: bin4(<1.0),Samples: 0,accuracy: 0.0,avg_conf: 0.0

Temp: 4.0,Exit :11,0: bin0(<0.2),Samples: 49176,accuracy: 0.68,avg_conf: 0.062
Temp: 4.0,Exit :11,1: bin1(<0.4),Samples: 762,accuracy: 0.996,avg_conf: 0.246
Temp: 4.0,Exit :11,2: bin2(<0.6),Samples: 39,accuracy: 1.0,avg_conf: 0.456
Temp: 4.0,Exit :11,3: bin3(<0.8),Samples: 3,accuracy: 1.0,avg_conf: 0.663
Temp: 4.0,Exit :11,4: bin4(<1.0),Samples: 4,accuracy: 1.0,avg_conf: 0.849

Temp: 4.0,Exit :12,0: bin0(<0.2),Samples: 49418,accuracy: 0.703,avg_conf: 0.064
Temp: 4.0,Exit :12,1: bin1(<0.4),Samples: 560,accuracy: 0.998,avg_conf: 0.237
Temp: 4.0,Exit :12,2: bin2(<0.6),Samples: 5,accuracy: 1.0,avg_conf: 0.462
Temp: 4.0,Exit :12,3: bin3(<0.8),Samples: 1,accuracy: 1.0,avg_conf: 0.635
Temp: 4.0,Exit :12,4: bin4(<1.0),Samples: 0,accuracy: 0.0,avg_conf: 0.0

Temp: 4.0,Exit :13,0: bin0(<0.2),Samples: 49509,accuracy: 0.717,avg_conf: 0.065
Temp: 4.0,Exit :13,1: bin1(<0.4),Samples: 472,accuracy: 0.998,avg_conf: 0.233
Temp: 4.0,Exit :13,2: bin2(<0.6),Samples: 3,accuracy: 1.0,avg_conf: 0.416
Temp: 4.0,Exit :13,3: bin3(<0.8),Samples: 0,accuracy: 0.0,avg_conf: 0.0
Temp: 4.0,Exit :13,4: bin4(<1.0),Samples: 0,accuracy: 0.0,avg_conf: 0.0

Temp: 4.0,Exit :14,0: bin0(<0.2),Samples: 49056,accuracy: 0.788,avg_conf: 0.069
Temp: 4.0,Exit :14,1: bin1(<0.4),Samples: 880,accuracy: 1.0,avg_conf: 0.253
Temp: 4.0,Exit :14,2: bin2(<0.6),Samples: 43,accuracy: 1.0,avg_conf: 0.476
Temp: 4.0,Exit :14,3: bin3(<0.8),Samples: 5,accuracy: 1.0,avg_conf: 0.647
Temp: 4.0,Exit :14,4: bin4(<1.0),Samples: 0,accuracy: 0.0,avg_conf: 0.0

Temp: 4.0,Exit :15,0: bin0(<0.2),Samples: 49984,accuracy: 0.836,avg_conf: 0.051
Temp: 4.0,Exit :15,1: bin1(<0.4),Samples: 0,accuracy: 0.0,avg_conf: 0.0
Temp: 4.0,Exit :15,2: bin2(<0.6),Samples: 0,accuracy: 0.0,avg_conf: 0.0
Temp: 4.0,Exit :15,3: bin3(<0.8),Samples: 0,accuracy: 0.0,avg_conf: 0.0
Temp: 4.0,Exit :15,4: bin4(<1.0),Samples: 0,accuracy: 0.0,avg_conf: 0.0

Temp: 5.0,Exit :0,0: bin0(<0.2),Samples: 49984,accuracy: 0.149,avg_conf: 0.017
Temp: 5.0,Exit :0,1: bin1(<0.4),Samples: 0,accuracy: 0.0,avg_conf: 0.0
Temp: 5.0,Exit :0,2: bin2(<0.6),Samples: 0,accuracy: 0.0,avg_conf: 0.0
Temp: 5.0,Exit :0,3: bin3(<0.8),Samples: 0,accuracy: 0.0,avg_conf: 0.0
Temp: 5.0,Exit :0,4: bin4(<1.0),Samples: 0,accuracy: 0.0,avg_conf: 0.0

Temp: 5.0,Exit :1,0: bin0(<0.2),Samples: 49984,accuracy: 0.155,avg_conf: 0.018
Temp: 5.0,Exit :1,1: bin1(<0.4),Samples: 0,accuracy: 0.0,avg_conf: 0.0
Temp: 5.0,Exit :1,2: bin2(<0.6),Samples: 0,accuracy: 0.0,avg_conf: 0.0
Temp: 5.0,Exit :1,3: bin3(<0.8),Samples: 0,accuracy: 0.0,avg_conf: 0.0
Temp: 5.0,Exit :1,4: bin4(<1.0),Samples: 0,accuracy: 0.0,avg_conf: 0.0

Temp: 5.0,Exit :2,0: bin0(<0.2),Samples: 49984,accuracy: 0.21,avg_conf: 0.02
Temp: 5.0,Exit :2,1: bin1(<0.4),Samples: 0,accuracy: 0.0,avg_conf: 0.0
Temp: 5.0,Exit :2,2: bin2(<0.6),Samples: 0,accuracy: 0.0,avg_conf: 0.0
Temp: 5.0,Exit :2,3: bin3(<0.8),Samples: 0,accuracy: 0.0,avg_conf: 0.0
Temp: 5.0,Exit :2,4: bin4(<1.0),Samples: 0,accuracy: 0.0,avg_conf: 0.0

Temp: 5.0,Exit :3,0: bin0(<0.2),Samples: 49984,accuracy: 0.235,avg_conf: 0.021
Temp: 5.0,Exit :3,1: bin1(<0.4),Samples: 0,accuracy: 0.0,avg_conf: 0.0
Temp: 5.0,Exit :3,2: bin2(<0.6),Samples: 0,accuracy: 0.0,avg_conf: 0.0
Temp: 5.0,Exit :3,3: bin3(<0.8),Samples: 0,accuracy: 0.0,avg_conf: 0.0
Temp: 5.0,Exit :3,4: bin4(<1.0),Samples: 0,accuracy: 0.0,avg_conf: 0.0

Temp: 5.0,Exit :4,0: bin0(<0.2),Samples: 49984,accuracy: 0.242,avg_conf: 0.022
Temp: 5.0,Exit :4,1: bin1(<0.4),Samples: 0,accuracy: 0.0,avg_conf: 0.0
Temp: 5.0,Exit :4,2: bin2(<0.6),Samples: 0,accuracy: 0.0,avg_conf: 0.0
Temp: 5.0,Exit :4,3: bin3(<0.8),Samples: 0,accuracy: 0.0,avg_conf: 0.0
Temp: 5.0,Exit :4,4: bin4(<1.0),Samples: 0,accuracy: 0.0,avg_conf: 0.0

Temp: 5.0,Exit :5,0: bin0(<0.2),Samples: 49984,accuracy: 0.248,avg_conf: 0.022
Temp: 5.0,Exit :5,1: bin1(<0.4),Samples: 0,accuracy: 0.0,avg_conf: 0.0
Temp: 5.0,Exit :5,2: bin2(<0.6),Samples: 0,accuracy: 0.0,avg_conf: 0.0
Temp: 5.0,Exit :5,3: bin3(<0.8),Samples: 0,accuracy: 0.0,avg_conf: 0.0
Temp: 5.0,Exit :5,4: bin4(<1.0),Samples: 0,accuracy: 0.0,avg_conf: 0.0

Temp: 5.0,Exit :6,0: bin0(<0.2),Samples: 49980,accuracy: 0.304,avg_conf: 0.024
Temp: 5.0,Exit :6,1: bin1(<0.4),Samples: 4,accuracy: 1.0,avg_conf: 0.272
Temp: 5.0,Exit :6,2: bin2(<0.6),Samples: 0,accuracy: 0.0,avg_conf: 0.0
Temp: 5.0,Exit :6,3: bin3(<0.8),Samples: 0,accuracy: 0.0,avg_conf: 0.0
Temp: 5.0,Exit :6,4: bin4(<1.0),Samples: 0,accuracy: 0.0,avg_conf: 0.0

Temp: 5.0,Exit :7,0: bin0(<0.2),Samples: 49976,accuracy: 0.365,avg_conf: 0.027
Temp: 5.0,Exit :7,1: bin1(<0.4),Samples: 8,accuracy: 1.0,avg_conf: 0.285
Temp: 5.0,Exit :7,2: bin2(<0.6),Samples: 0,accuracy: 0.0,avg_conf: 0.0
Temp: 5.0,Exit :7,3: bin3(<0.8),Samples: 0,accuracy: 0.0,avg_conf: 0.0
Temp: 5.0,Exit :7,4: bin4(<1.0),Samples: 0,accuracy: 0.0,avg_conf: 0.0

Temp: 5.0,Exit :8,0: bin0(<0.2),Samples: 49973,accuracy: 0.406,avg_conf: 0.029
Temp: 5.0,Exit :8,1: bin1(<0.4),Samples: 10,accuracy: 1.0,avg_conf: 0.264
Temp: 5.0,Exit :8,2: bin2(<0.6),Samples: 1,accuracy: 1.0,avg_conf: 0.421
Temp: 5.0,Exit :8,3: bin3(<0.8),Samples: 0,accuracy: 0.0,avg_conf: 0.0
Temp: 5.0,Exit :8,4: bin4(<1.0),Samples: 0,accuracy: 0.0,avg_conf: 0.0

Temp: 5.0,Exit :9,0: bin0(<0.2),Samples: 49917,accuracy: 0.58,avg_conf: 0.04
Temp: 5.0,Exit :9,1: bin1(<0.4),Samples: 66,accuracy: 1.0,avg_conf: 0.229
Temp: 5.0,Exit :9,2: bin2(<0.6),Samples: 1,accuracy: 1.0,avg_conf: 0.467
Temp: 5.0,Exit :9,3: bin3(<0.8),Samples: 0,accuracy: 0.0,avg_conf: 0.0
Temp: 5.0,Exit :9,4: bin4(<1.0),Samples: 0,accuracy: 0.0,avg_conf: 0.0

Temp: 5.0,Exit :10,0: bin0(<0.2),Samples: 49913,accuracy: 0.632,avg_conf: 0.043
Temp: 5.0,Exit :10,1: bin1(<0.4),Samples: 71,accuracy: 1.0,avg_conf: 0.238
Temp: 5.0,Exit :10,2: bin2(<0.6),Samples: 0,accuracy: 0.0,avg_conf: 0.0
Temp: 5.0,Exit :10,3: bin3(<0.8),Samples: 0,accuracy: 0.0,avg_conf: 0.0
Temp: 5.0,Exit :10,4: bin4(<1.0),Samples: 0,accuracy: 0.0,avg_conf: 0.0

Temp: 5.0,Exit :11,0: bin0(<0.2),Samples: 49912,accuracy: 0.681,avg_conf: 0.045
Temp: 5.0,Exit :11,1: bin1(<0.4),Samples: 67,accuracy: 1.0,avg_conf: 0.242
Temp: 5.0,Exit :11,2: bin2(<0.6),Samples: 4,accuracy: 1.0,avg_conf: 0.445
Temp: 5.0,Exit :11,3: bin3(<0.8),Samples: 1,accuracy: 1.0,avg_conf: 0.616
Temp: 5.0,Exit :11,4: bin4(<1.0),Samples: 0,accuracy: 0.0,avg_conf: 0.0

Temp: 5.0,Exit :12,0: bin0(<0.2),Samples: 49967,accuracy: 0.704,avg_conf: 0.045
Temp: 5.0,Exit :12,1: bin1(<0.4),Samples: 16,accuracy: 1.0,avg_conf: 0.237
Temp: 5.0,Exit :12,2: bin2(<0.6),Samples: 1,accuracy: 1.0,avg_conf: 0.405
Temp: 5.0,Exit :12,3: bin3(<0.8),Samples: 0,accuracy: 0.0,avg_conf: 0.0
Temp: 5.0,Exit :12,4: bin4(<1.0),Samples: 0,accuracy: 0.0,avg_conf: 0.0

Temp: 5.0,Exit :13,0: bin0(<0.2),Samples: 49974,accuracy: 0.717,avg_conf: 0.046
Temp: 5.0,Exit :13,1: bin1(<0.4),Samples: 10,accuracy: 1.0,avg_conf: 0.238
Temp: 5.0,Exit :13,2: bin2(<0.6),Samples: 0,accuracy: 0.0,avg_conf: 0.0
Temp: 5.0,Exit :13,3: bin3(<0.8),Samples: 0,accuracy: 0.0,avg_conf: 0.0
Temp: 5.0,Exit :13,4: bin4(<1.0),Samples: 0,accuracy: 0.0,avg_conf: 0.0

Temp: 5.0,Exit :14,0: bin0(<0.2),Samples: 49863,accuracy: 0.789,avg_conf: 0.048
Temp: 5.0,Exit :14,1: bin1(<0.4),Samples: 118,accuracy: 1.0,avg_conf: 0.242
Temp: 5.0,Exit :14,2: bin2(<0.6),Samples: 2,accuracy: 1.0,avg_conf: 0.455
Temp: 5.0,Exit :14,3: bin3(<0.8),Samples: 1,accuracy: 1.0,avg_conf: 0.691
Temp: 5.0,Exit :14,4: bin4(<1.0),Samples: 0,accuracy: 0.0,avg_conf: 0.0

Temp: 5.0,Exit :15,0: bin0(<0.2),Samples: 49984,accuracy: 0.834,avg_conf: 0.037
Temp: 5.0,Exit :15,1: bin1(<0.4),Samples: 0,accuracy: 0.0,avg_conf: 0.0
Temp: 5.0,Exit :15,2: bin2(<0.6),Samples: 0,accuracy: 0.0,avg_conf: 0.0
Temp: 5.0,Exit :15,3: bin3(<0.8),Samples: 0,accuracy: 0.0,avg_conf: 0.0
Temp: 5.0,Exit :15,4: bin4(<1.0),Samples: 0,accuracy: 0.0,avg_conf: 0.0

Temp: 6.0,Exit :0,0: bin0(<0.2),Samples: 49984,accuracy: 0.147,avg_conf: 0.016
Temp: 6.0,Exit :0,1: bin1(<0.4),Samples: 0,accuracy: 0.0,avg_conf: 0.0
Temp: 6.0,Exit :0,2: bin2(<0.6),Samples: 0,accuracy: 0.0,avg_conf: 0.0
Temp: 6.0,Exit :0,3: bin3(<0.8),Samples: 0,accuracy: 0.0,avg_conf: 0.0
Temp: 6.0,Exit :0,4: bin4(<1.0),Samples: 0,accuracy: 0.0,avg_conf: 0.0

Temp: 6.0,Exit :1,0: bin0(<0.2),Samples: 49984,accuracy: 0.155,avg_conf: 0.016
Temp: 6.0,Exit :1,1: bin1(<0.4),Samples: 0,accuracy: 0.0,avg_conf: 0.0
Temp: 6.0,Exit :1,2: bin2(<0.6),Samples: 0,accuracy: 0.0,avg_conf: 0.0
Temp: 6.0,Exit :1,3: bin3(<0.8),Samples: 0,accuracy: 0.0,avg_conf: 0.0
Temp: 6.0,Exit :1,4: bin4(<1.0),Samples: 0,accuracy: 0.0,avg_conf: 0.0

Temp: 6.0,Exit :2,0: bin0(<0.2),Samples: 49984,accuracy: 0.21,avg_conf: 0.018
Temp: 6.0,Exit :2,1: bin1(<0.4),Samples: 0,accuracy: 0.0,avg_conf: 0.0
Temp: 6.0,Exit :2,2: bin2(<0.6),Samples: 0,accuracy: 0.0,avg_conf: 0.0
Temp: 6.0,Exit :2,3: bin3(<0.8),Samples: 0,accuracy: 0.0,avg_conf: 0.0
Temp: 6.0,Exit :2,4: bin4(<1.0),Samples: 0,accuracy: 0.0,avg_conf: 0.0

Temp: 6.0,Exit :3,0: bin0(<0.2),Samples: 49984,accuracy: 0.235,avg_conf: 0.019
Temp: 6.0,Exit :3,1: bin1(<0.4),Samples: 0,accuracy: 0.0,avg_conf: 0.0
Temp: 6.0,Exit :3,2: bin2(<0.6),Samples: 0,accuracy: 0.0,avg_conf: 0.0
Temp: 6.0,Exit :3,3: bin3(<0.8),Samples: 0,accuracy: 0.0,avg_conf: 0.0
Temp: 6.0,Exit :3,4: bin4(<1.0),Samples: 0,accuracy: 0.0,avg_conf: 0.0

Temp: 6.0,Exit :4,0: bin0(<0.2),Samples: 49984,accuracy: 0.244,avg_conf: 0.019
Temp: 6.0,Exit :4,1: bin1(<0.4),Samples: 0,accuracy: 0.0,avg_conf: 0.0
Temp: 6.0,Exit :4,2: bin2(<0.6),Samples: 0,accuracy: 0.0,avg_conf: 0.0
Temp: 6.0,Exit :4,3: bin3(<0.8),Samples: 0,accuracy: 0.0,avg_conf: 0.0
Temp: 6.0,Exit :4,4: bin4(<1.0),Samples: 0,accuracy: 0.0,avg_conf: 0.0

Temp: 6.0,Exit :5,0: bin0(<0.2),Samples: 49984,accuracy: 0.249,avg_conf: 0.019
Temp: 6.0,Exit :5,1: bin1(<0.4),Samples: 0,accuracy: 0.0,avg_conf: 0.0
Temp: 6.0,Exit :5,2: bin2(<0.6),Samples: 0,accuracy: 0.0,avg_conf: 0.0
Temp: 6.0,Exit :5,3: bin3(<0.8),Samples: 0,accuracy: 0.0,avg_conf: 0.0
Temp: 6.0,Exit :5,4: bin4(<1.0),Samples: 0,accuracy: 0.0,avg_conf: 0.0

Temp: 6.0,Exit :6,0: bin0(<0.2),Samples: 49982,accuracy: 0.305,avg_conf: 0.021
Temp: 6.0,Exit :6,1: bin1(<0.4),Samples: 2,accuracy: 1.0,avg_conf: 0.231
Temp: 6.0,Exit :6,2: bin2(<0.6),Samples: 0,accuracy: 0.0,avg_conf: 0.0
Temp: 6.0,Exit :6,3: bin3(<0.8),Samples: 0,accuracy: 0.0,avg_conf: 0.0
Temp: 6.0,Exit :6,4: bin4(<1.0),Samples: 0,accuracy: 0.0,avg_conf: 0.0

Temp: 6.0,Exit :7,0: bin0(<0.2),Samples: 49981,accuracy: 0.367,avg_conf: 0.023
Temp: 6.0,Exit :7,1: bin1(<0.4),Samples: 3,accuracy: 1.0,avg_conf: 0.257
Temp: 6.0,Exit :7,2: bin2(<0.6),Samples: 0,accuracy: 0.0,avg_conf: 0.0
Temp: 6.0,Exit :7,3: bin3(<0.8),Samples: 0,accuracy: 0.0,avg_conf: 0.0
Temp: 6.0,Exit :7,4: bin4(<1.0),Samples: 0,accuracy: 0.0,avg_conf: 0.0

Temp: 6.0,Exit :8,0: bin0(<0.2),Samples: 49980,accuracy: 0.409,avg_conf: 0.024
Temp: 6.0,Exit :8,1: bin1(<0.4),Samples: 4,accuracy: 1.0,avg_conf: 0.248
Temp: 6.0,Exit :8,2: bin2(<0.6),Samples: 0,accuracy: 0.0,avg_conf: 0.0
Temp: 6.0,Exit :8,3: bin3(<0.8),Samples: 0,accuracy: 0.0,avg_conf: 0.0
Temp: 6.0,Exit :8,4: bin4(<1.0),Samples: 0,accuracy: 0.0,avg_conf: 0.0

Temp: 6.0,Exit :9,0: bin0(<0.2),Samples: 49976,accuracy: 0.583,avg_conf: 0.032
Temp: 6.0,Exit :9,1: bin1(<0.4),Samples: 8,accuracy: 1.0,avg_conf: 0.225
Temp: 6.0,Exit :9,2: bin2(<0.6),Samples: 0,accuracy: 0.0,avg_conf: 0.0
Temp: 6.0,Exit :9,3: bin3(<0.8),Samples: 0,accuracy: 0.0,avg_conf: 0.0
Temp: 6.0,Exit :9,4: bin4(<1.0),Samples: 0,accuracy: 0.0,avg_conf: 0.0

Temp: 6.0,Exit :10,0: bin0(<0.2),Samples: 49980,accuracy: 0.633,avg_conf: 0.034
Temp: 6.0,Exit :10,1: bin1(<0.4),Samples: 4,accuracy: 1.0,avg_conf: 0.252
Temp: 6.0,Exit :10,2: bin2(<0.6),Samples: 0,accuracy: 0.0,avg_conf: 0.0
Temp: 6.0,Exit :10,3: bin3(<0.8),Samples: 0,accuracy: 0.0,avg_conf: 0.0
Temp: 6.0,Exit :10,4: bin4(<1.0),Samples: 0,accuracy: 0.0,avg_conf: 0.0

Temp: 6.0,Exit :11,0: bin0(<0.2),Samples: 49973,accuracy: 0.682,avg_conf: 0.035
Temp: 6.0,Exit :11,1: bin1(<0.4),Samples: 10,accuracy: 1.0,avg_conf: 0.246
Temp: 6.0,Exit :11,2: bin2(<0.6),Samples: 1,accuracy: 1.0,avg_conf: 0.422
Temp: 6.0,Exit :11,3: bin3(<0.8),Samples: 0,accuracy: 0.0,avg_conf: 0.0
Temp: 6.0,Exit :11,4: bin4(<1.0),Samples: 0,accuracy: 0.0,avg_conf: 0.0

Temp: 6.0,Exit :12,0: bin0(<0.2),Samples: 49982,accuracy: 0.703,avg_conf: 0.035
Temp: 6.0,Exit :12,1: bin1(<0.4),Samples: 2,accuracy: 1.0,avg_conf: 0.217
Temp: 6.0,Exit :12,2: bin2(<0.6),Samples: 0,accuracy: 0.0,avg_conf: 0.0
Temp: 6.0,Exit :12,3: bin3(<0.8),Samples: 0,accuracy: 0.0,avg_conf: 0.0
Temp: 6.0,Exit :12,4: bin4(<1.0),Samples: 0,accuracy: 0.0,avg_conf: 0.0

Temp: 6.0,Exit :13,0: bin0(<0.2),Samples: 49984,accuracy: 0.717,avg_conf: 0.036
Temp: 6.0,Exit :13,1: bin1(<0.4),Samples: 0,accuracy: 0.0,avg_conf: 0.0
Temp: 6.0,Exit :13,2: bin2(<0.6),Samples: 0,accuracy: 0.0,avg_conf: 0.0
Temp: 6.0,Exit :13,3: bin3(<0.8),Samples: 0,accuracy: 0.0,avg_conf: 0.0
Temp: 6.0,Exit :13,4: bin4(<1.0),Samples: 0,accuracy: 0.0,avg_conf: 0.0

Temp: 6.0,Exit :14,0: bin0(<0.2),Samples: 49973,accuracy: 0.791,avg_conf: 0.037
Temp: 6.0,Exit :14,1: bin1(<0.4),Samples: 11,accuracy: 1.0,avg_conf: 0.244
Temp: 6.0,Exit :14,2: bin2(<0.6),Samples: 0,accuracy: 0.0,avg_conf: 0.0
Temp: 6.0,Exit :14,3: bin3(<0.8),Samples: 0,accuracy: 0.0,avg_conf: 0.0
Temp: 6.0,Exit :14,4: bin4(<1.0),Samples: 0,accuracy: 0.0,avg_conf: 0.0

Temp: 6.0,Exit :15,0: bin0(<0.2),Samples: 49984,accuracy: 0.835,avg_conf: 0.03
Temp: 6.0,Exit :15,1: bin1(<0.4),Samples: 0,accuracy: 0.0,avg_conf: 0.0
Temp: 6.0,Exit :15,2: bin2(<0.6),Samples: 0,accuracy: 0.0,avg_conf: 0.0
Temp: 6.0,Exit :15,3: bin3(<0.8),Samples: 0,accuracy: 0.0,avg_conf: 0.0
Temp: 6.0,Exit :15,4: bin4(<1.0),Samples: 0,accuracy: 0.0,avg_conf: 0.0

Temp: 7.0,Exit :0,0: bin0(<0.2),Samples: 49984,accuracy: 0.146,avg_conf: 0.015
Temp: 7.0,Exit :0,1: bin1(<0.4),Samples: 0,accuracy: 0.0,avg_conf: 0.0
Temp: 7.0,Exit :0,2: bin2(<0.6),Samples: 0,accuracy: 0.0,avg_conf: 0.0
Temp: 7.0,Exit :0,3: bin3(<0.8),Samples: 0,accuracy: 0.0,avg_conf: 0.0
Temp: 7.0,Exit :0,4: bin4(<1.0),Samples: 0,accuracy: 0.0,avg_conf: 0.0

Temp: 7.0,Exit :1,0: bin0(<0.2),Samples: 49984,accuracy: 0.155,avg_conf: 0.015
Temp: 7.0,Exit :1,1: bin1(<0.4),Samples: 0,accuracy: 0.0,avg_conf: 0.0
Temp: 7.0,Exit :1,2: bin2(<0.6),Samples: 0,accuracy: 0.0,avg_conf: 0.0
Temp: 7.0,Exit :1,3: bin3(<0.8),Samples: 0,accuracy: 0.0,avg_conf: 0.0
Temp: 7.0,Exit :1,4: bin4(<1.0),Samples: 0,accuracy: 0.0,avg_conf: 0.0

Temp: 7.0,Exit :2,0: bin0(<0.2),Samples: 49984,accuracy: 0.211,avg_conf: 0.017
Temp: 7.0,Exit :2,1: bin1(<0.4),Samples: 0,accuracy: 0.0,avg_conf: 0.0
Temp: 7.0,Exit :2,2: bin2(<0.6),Samples: 0,accuracy: 0.0,avg_conf: 0.0
Temp: 7.0,Exit :2,3: bin3(<0.8),Samples: 0,accuracy: 0.0,avg_conf: 0.0
Temp: 7.0,Exit :2,4: bin4(<1.0),Samples: 0,accuracy: 0.0,avg_conf: 0.0

Temp: 7.0,Exit :3,0: bin0(<0.2),Samples: 49984,accuracy: 0.235,avg_conf: 0.017
Temp: 7.0,Exit :3,1: bin1(<0.4),Samples: 0,accuracy: 0.0,avg_conf: 0.0
Temp: 7.0,Exit :3,2: bin2(<0.6),Samples: 0,accuracy: 0.0,avg_conf: 0.0
Temp: 7.0,Exit :3,3: bin3(<0.8),Samples: 0,accuracy: 0.0,avg_conf: 0.0
Temp: 7.0,Exit :3,4: bin4(<1.0),Samples: 0,accuracy: 0.0,avg_conf: 0.0

Temp: 7.0,Exit :4,0: bin0(<0.2),Samples: 49984,accuracy: 0.244,avg_conf: 0.018
Temp: 7.0,Exit :4,1: bin1(<0.4),Samples: 0,accuracy: 0.0,avg_conf: 0.0
Temp: 7.0,Exit :4,2: bin2(<0.6),Samples: 0,accuracy: 0.0,avg_conf: 0.0
Temp: 7.0,Exit :4,3: bin3(<0.8),Samples: 0,accuracy: 0.0,avg_conf: 0.0
Temp: 7.0,Exit :4,4: bin4(<1.0),Samples: 0,accuracy: 0.0,avg_conf: 0.0

Temp: 7.0,Exit :5,0: bin0(<0.2),Samples: 49984,accuracy: 0.25,avg_conf: 0.018
Temp: 7.0,Exit :5,1: bin1(<0.4),Samples: 0,accuracy: 0.0,avg_conf: 0.0
Temp: 7.0,Exit :5,2: bin2(<0.6),Samples: 0,accuracy: 0.0,avg_conf: 0.0
Temp: 7.0,Exit :5,3: bin3(<0.8),Samples: 0,accuracy: 0.0,avg_conf: 0.0
Temp: 7.0,Exit :5,4: bin4(<1.0),Samples: 0,accuracy: 0.0,avg_conf: 0.0

Temp: 7.0,Exit :6,0: bin0(<0.2),Samples: 49984,accuracy: 0.304,avg_conf: 0.019
Temp: 7.0,Exit :6,1: bin1(<0.4),Samples: 0,accuracy: 0.0,avg_conf: 0.0
Temp: 7.0,Exit :6,2: bin2(<0.6),Samples: 0,accuracy: 0.0,avg_conf: 0.0
Temp: 7.0,Exit :6,3: bin3(<0.8),Samples: 0,accuracy: 0.0,avg_conf: 0.0
Temp: 7.0,Exit :6,4: bin4(<1.0),Samples: 0,accuracy: 0.0,avg_conf: 0.0

Temp: 7.0,Exit :7,0: bin0(<0.2),Samples: 49984,accuracy: 0.367,avg_conf: 0.02
Temp: 7.0,Exit :7,1: bin1(<0.4),Samples: 0,accuracy: 0.0,avg_conf: 0.0
Temp: 7.0,Exit :7,2: bin2(<0.6),Samples: 0,accuracy: 0.0,avg_conf: 0.0
Temp: 7.0,Exit :7,3: bin3(<0.8),Samples: 0,accuracy: 0.0,avg_conf: 0.0
Temp: 7.0,Exit :7,4: bin4(<1.0),Samples: 0,accuracy: 0.0,avg_conf: 0.0

Temp: 7.0,Exit :8,0: bin0(<0.2),Samples: 49984,accuracy: 0.409,avg_conf: 0.021
Temp: 7.0,Exit :8,1: bin1(<0.4),Samples: 0,accuracy: 0.0,avg_conf: 0.0
Temp: 7.0,Exit :8,2: bin2(<0.6),Samples: 0,accuracy: 0.0,avg_conf: 0.0
Temp: 7.0,Exit :8,3: bin3(<0.8),Samples: 0,accuracy: 0.0,avg_conf: 0.0
Temp: 7.0,Exit :8,4: bin4(<1.0),Samples: 0,accuracy: 0.0,avg_conf: 0.0

Temp: 7.0,Exit :9,0: bin0(<0.2),Samples: 49984,accuracy: 0.583,avg_conf: 0.027
Temp: 7.0,Exit :9,1: bin1(<0.4),Samples: 0,accuracy: 0.0,avg_conf: 0.0
Temp: 7.0,Exit :9,2: bin2(<0.6),Samples: 0,accuracy: 0.0,avg_conf: 0.0
Temp: 7.0,Exit :9,3: bin3(<0.8),Samples: 0,accuracy: 0.0,avg_conf: 0.0
Temp: 7.0,Exit :9,4: bin4(<1.0),Samples: 0,accuracy: 0.0,avg_conf: 0.0

Temp: 7.0,Exit :10,0: bin0(<0.2),Samples: 49984,accuracy: 0.635,avg_conf: 0.028
Temp: 7.0,Exit :10,1: bin1(<0.4),Samples: 0,accuracy: 0.0,avg_conf: 0.0
Temp: 7.0,Exit :10,2: bin2(<0.6),Samples: 0,accuracy: 0.0,avg_conf: 0.0
Temp: 7.0,Exit :10,3: bin3(<0.8),Samples: 0,accuracy: 0.0,avg_conf: 0.0
Temp: 7.0,Exit :10,4: bin4(<1.0),Samples: 0,accuracy: 0.0,avg_conf: 0.0

Temp: 7.0,Exit :11,0: bin0(<0.2),Samples: 49981,accuracy: 0.684,avg_conf: 0.029
Temp: 7.0,Exit :11,1: bin1(<0.4),Samples: 3,accuracy: 1.0,avg_conf: 0.245
Temp: 7.0,Exit :11,2: bin2(<0.6),Samples: 0,accuracy: 0.0,avg_conf: 0.0
Temp: 7.0,Exit :11,3: bin3(<0.8),Samples: 0,accuracy: 0.0,avg_conf: 0.0
Temp: 7.0,Exit :11,4: bin4(<1.0),Samples: 0,accuracy: 0.0,avg_conf: 0.0

Temp: 7.0,Exit :12,0: bin0(<0.2),Samples: 49984,accuracy: 0.703,avg_conf: 0.03
Temp: 7.0,Exit :12,1: bin1(<0.4),Samples: 0,accuracy: 0.0,avg_conf: 0.0
Temp: 7.0,Exit :12,2: bin2(<0.6),Samples: 0,accuracy: 0.0,avg_conf: 0.0
Temp: 7.0,Exit :12,3: bin3(<0.8),Samples: 0,accuracy: 0.0,avg_conf: 0.0
Temp: 7.0,Exit :12,4: bin4(<1.0),Samples: 0,accuracy: 0.0,avg_conf: 0.0

Temp: 7.0,Exit :13,0: bin0(<0.2),Samples: 49984,accuracy: 0.718,avg_conf: 0.03
Temp: 7.0,Exit :13,1: bin1(<0.4),Samples: 0,accuracy: 0.0,avg_conf: 0.0
Temp: 7.0,Exit :13,2: bin2(<0.6),Samples: 0,accuracy: 0.0,avg_conf: 0.0
Temp: 7.0,Exit :13,3: bin3(<0.8),Samples: 0,accuracy: 0.0,avg_conf: 0.0
Temp: 7.0,Exit :13,4: bin4(<1.0),Samples: 0,accuracy: 0.0,avg_conf: 0.0

Temp: 7.0,Exit :14,0: bin0(<0.2),Samples: 49982,accuracy: 0.791,avg_conf: 0.031
Temp: 7.0,Exit :14,1: bin1(<0.4),Samples: 2,accuracy: 1.0,avg_conf: 0.26
Temp: 7.0,Exit :14,2: bin2(<0.6),Samples: 0,accuracy: 0.0,avg_conf: 0.0
Temp: 7.0,Exit :14,3: bin3(<0.8),Samples: 0,accuracy: 0.0,avg_conf: 0.0
Temp: 7.0,Exit :14,4: bin4(<1.0),Samples: 0,accuracy: 0.0,avg_conf: 0.0

Temp: 7.0,Exit :15,0: bin0(<0.2),Samples: 49984,accuracy: 0.834,avg_conf: 0.025
Temp: 7.0,Exit :15,1: bin1(<0.4),Samples: 0,accuracy: 0.0,avg_conf: 0.0
Temp: 7.0,Exit :15,2: bin2(<0.6),Samples: 0,accuracy: 0.0,avg_conf: 0.0
Temp: 7.0,Exit :15,3: bin3(<0.8),Samples: 0,accuracy: 0.0,avg_conf: 0.0
Temp: 7.0,Exit :15,4: bin4(<1.0),Samples: 0,accuracy: 0.0,avg_conf: 0.0

Temp: 8.0,Exit :0,0: bin0(<0.2),Samples: 49984,accuracy: 0.148,avg_conf: 0.014
Temp: 8.0,Exit :0,1: bin1(<0.4),Samples: 0,accuracy: 0.0,avg_conf: 0.0
Temp: 8.0,Exit :0,2: bin2(<0.6),Samples: 0,accuracy: 0.0,avg_conf: 0.0
Temp: 8.0,Exit :0,3: bin3(<0.8),Samples: 0,accuracy: 0.0,avg_conf: 0.0
Temp: 8.0,Exit :0,4: bin4(<1.0),Samples: 0,accuracy: 0.0,avg_conf: 0.0

Temp: 8.0,Exit :1,0: bin0(<0.2),Samples: 49984,accuracy: 0.157,avg_conf: 0.014
Temp: 8.0,Exit :1,1: bin1(<0.4),Samples: 0,accuracy: 0.0,avg_conf: 0.0
Temp: 8.0,Exit :1,2: bin2(<0.6),Samples: 0,accuracy: 0.0,avg_conf: 0.0
Temp: 8.0,Exit :1,3: bin3(<0.8),Samples: 0,accuracy: 0.0,avg_conf: 0.0
Temp: 8.0,Exit :1,4: bin4(<1.0),Samples: 0,accuracy: 0.0,avg_conf: 0.0

Temp: 8.0,Exit :2,0: bin0(<0.2),Samples: 49984,accuracy: 0.212,avg_conf: 0.016
Temp: 8.0,Exit :2,1: bin1(<0.4),Samples: 0,accuracy: 0.0,avg_conf: 0.0
Temp: 8.0,Exit :2,2: bin2(<0.6),Samples: 0,accuracy: 0.0,avg_conf: 0.0
Temp: 8.0,Exit :2,3: bin3(<0.8),Samples: 0,accuracy: 0.0,avg_conf: 0.0
Temp: 8.0,Exit :2,4: bin4(<1.0),Samples: 0,accuracy: 0.0,avg_conf: 0.0

Temp: 8.0,Exit :3,0: bin0(<0.2),Samples: 49984,accuracy: 0.239,avg_conf: 0.016
Temp: 8.0,Exit :3,1: bin1(<0.4),Samples: 0,accuracy: 0.0,avg_conf: 0.0
Temp: 8.0,Exit :3,2: bin2(<0.6),Samples: 0,accuracy: 0.0,avg_conf: 0.0
Temp: 8.0,Exit :3,3: bin3(<0.8),Samples: 0,accuracy: 0.0,avg_conf: 0.0
Temp: 8.0,Exit :3,4: bin4(<1.0),Samples: 0,accuracy: 0.0,avg_conf: 0.0

Temp: 8.0,Exit :4,0: bin0(<0.2),Samples: 49984,accuracy: 0.247,avg_conf: 0.016
Temp: 8.0,Exit :4,1: bin1(<0.4),Samples: 0,accuracy: 0.0,avg_conf: 0.0
Temp: 8.0,Exit :4,2: bin2(<0.6),Samples: 0,accuracy: 0.0,avg_conf: 0.0
Temp: 8.0,Exit :4,3: bin3(<0.8),Samples: 0,accuracy: 0.0,avg_conf: 0.0
Temp: 8.0,Exit :4,4: bin4(<1.0),Samples: 0,accuracy: 0.0,avg_conf: 0.0

Temp: 8.0,Exit :5,0: bin0(<0.2),Samples: 49984,accuracy: 0.251,avg_conf: 0.016
Temp: 8.0,Exit :5,1: bin1(<0.4),Samples: 0,accuracy: 0.0,avg_conf: 0.0
Temp: 8.0,Exit :5,2: bin2(<0.6),Samples: 0,accuracy: 0.0,avg_conf: 0.0
Temp: 8.0,Exit :5,3: bin3(<0.8),Samples: 0,accuracy: 0.0,avg_conf: 0.0
Temp: 8.0,Exit :5,4: bin4(<1.0),Samples: 0,accuracy: 0.0,avg_conf: 0.0

Temp: 8.0,Exit :6,0: bin0(<0.2),Samples: 49984,accuracy: 0.303,avg_conf: 0.017
Temp: 8.0,Exit :6,1: bin1(<0.4),Samples: 0,accuracy: 0.0,avg_conf: 0.0
Temp: 8.0,Exit :6,2: bin2(<0.6),Samples: 0,accuracy: 0.0,avg_conf: 0.0
Temp: 8.0,Exit :6,3: bin3(<0.8),Samples: 0,accuracy: 0.0,avg_conf: 0.0
Temp: 8.0,Exit :6,4: bin4(<1.0),Samples: 0,accuracy: 0.0,avg_conf: 0.0

Temp: 8.0,Exit :7,0: bin0(<0.2),Samples: 49984,accuracy: 0.37,avg_conf: 0.019
Temp: 8.0,Exit :7,1: bin1(<0.4),Samples: 0,accuracy: 0.0,avg_conf: 0.0
Temp: 8.0,Exit :7,2: bin2(<0.6),Samples: 0,accuracy: 0.0,avg_conf: 0.0
Temp: 8.0,Exit :7,3: bin3(<0.8),Samples: 0,accuracy: 0.0,avg_conf: 0.0
Temp: 8.0,Exit :7,4: bin4(<1.0),Samples: 0,accuracy: 0.0,avg_conf: 0.0

Temp: 8.0,Exit :8,0: bin0(<0.2),Samples: 49984,accuracy: 0.408,avg_conf: 0.02
Temp: 8.0,Exit :8,1: bin1(<0.4),Samples: 0,accuracy: 0.0,avg_conf: 0.0
Temp: 8.0,Exit :8,2: bin2(<0.6),Samples: 0,accuracy: 0.0,avg_conf: 0.0
Temp: 8.0,Exit :8,3: bin3(<0.8),Samples: 0,accuracy: 0.0,avg_conf: 0.0
Temp: 8.0,Exit :8,4: bin4(<1.0),Samples: 0,accuracy: 0.0,avg_conf: 0.0

Temp: 8.0,Exit :9,0: bin0(<0.2),Samples: 49984,accuracy: 0.583,avg_conf: 0.024
Temp: 8.0,Exit :9,1: bin1(<0.4),Samples: 0,accuracy: 0.0,avg_conf: 0.0
Temp: 8.0,Exit :9,2: bin2(<0.6),Samples: 0,accuracy: 0.0,avg_conf: 0.0
Temp: 8.0,Exit :9,3: bin3(<0.8),Samples: 0,accuracy: 0.0,avg_conf: 0.0
Temp: 8.0,Exit :9,4: bin4(<1.0),Samples: 0,accuracy: 0.0,avg_conf: 0.0

Temp: 8.0,Exit :10,0: bin0(<0.2),Samples: 49984,accuracy: 0.635,avg_conf: 0.025
Temp: 8.0,Exit :10,1: bin1(<0.4),Samples: 0,accuracy: 0.0,avg_conf: 0.0
Temp: 8.0,Exit :10,2: bin2(<0.6),Samples: 0,accuracy: 0.0,avg_conf: 0.0
Temp: 8.0,Exit :10,3: bin3(<0.8),Samples: 0,accuracy: 0.0,avg_conf: 0.0
Temp: 8.0,Exit :10,4: bin4(<1.0),Samples: 0,accuracy: 0.0,avg_conf: 0.0

Temp: 8.0,Exit :11,0: bin0(<0.2),Samples: 49983,accuracy: 0.683,avg_conf: 0.026
Temp: 8.0,Exit :11,1: bin1(<0.4),Samples: 1,accuracy: 1.0,avg_conf: 0.236
Temp: 8.0,Exit :11,2: bin2(<0.6),Samples: 0,accuracy: 0.0,avg_conf: 0.0
Temp: 8.0,Exit :11,3: bin3(<0.8),Samples: 0,accuracy: 0.0,avg_conf: 0.0
Temp: 8.0,Exit :11,4: bin4(<1.0),Samples: 0,accuracy: 0.0,avg_conf: 0.0

Temp: 8.0,Exit :12,0: bin0(<0.2),Samples: 49984,accuracy: 0.704,avg_conf: 0.026
Temp: 8.0,Exit :12,1: bin1(<0.4),Samples: 0,accuracy: 0.0,avg_conf: 0.0
Temp: 8.0,Exit :12,2: bin2(<0.6),Samples: 0,accuracy: 0.0,avg_conf: 0.0
Temp: 8.0,Exit :12,3: bin3(<0.8),Samples: 0,accuracy: 0.0,avg_conf: 0.0
Temp: 8.0,Exit :12,4: bin4(<1.0),Samples: 0,accuracy: 0.0,avg_conf: 0.0

Temp: 8.0,Exit :13,0: bin0(<0.2),Samples: 49984,accuracy: 0.722,avg_conf: 0.026
Temp: 8.0,Exit :13,1: bin1(<0.4),Samples: 0,accuracy: 0.0,avg_conf: 0.0
Temp: 8.0,Exit :13,2: bin2(<0.6),Samples: 0,accuracy: 0.0,avg_conf: 0.0
Temp: 8.0,Exit :13,3: bin3(<0.8),Samples: 0,accuracy: 0.0,avg_conf: 0.0
Temp: 8.0,Exit :13,4: bin4(<1.0),Samples: 0,accuracy: 0.0,avg_conf: 0.0

Temp: 8.0,Exit :14,0: bin0(<0.2),Samples: 49984,accuracy: 0.794,avg_conf: 0.027
Temp: 8.0,Exit :14,1: bin1(<0.4),Samples: 0,accuracy: 0.0,avg_conf: 0.0
Temp: 8.0,Exit :14,2: bin2(<0.6),Samples: 0,accuracy: 0.0,avg_conf: 0.0
Temp: 8.0,Exit :14,3: bin3(<0.8),Samples: 0,accuracy: 0.0,avg_conf: 0.0
Temp: 8.0,Exit :14,4: bin4(<1.0),Samples: 0,accuracy: 0.0,avg_conf: 0.0

Temp: 8.0,Exit :15,0: bin0(<0.2),Samples: 49984,accuracy: 0.835,avg_conf: 0.023
Temp: 8.0,Exit :15,1: bin1(<0.4),Samples: 0,accuracy: 0.0,avg_conf: 0.0
Temp: 8.0,Exit :15,2: bin2(<0.6),Samples: 0,accuracy: 0.0,avg_conf: 0.0
Temp: 8.0,Exit :15,3: bin3(<0.8),Samples: 0,accuracy: 0.0,avg_conf: 0.0
Temp: 8.0,Exit :15,4: bin4(<1.0),Samples: 0,accuracy: 0.0,avg_conf: 0.0

Temp: 9.0,Exit :0,0: bin0(<0.2),Samples: 49984,accuracy: 0.147,avg_conf: 0.013
Temp: 9.0,Exit :0,1: bin1(<0.4),Samples: 0,accuracy: 0.0,avg_conf: 0.0
Temp: 9.0,Exit :0,2: bin2(<0.6),Samples: 0,accuracy: 0.0,avg_conf: 0.0
Temp: 9.0,Exit :0,3: bin3(<0.8),Samples: 0,accuracy: 0.0,avg_conf: 0.0
Temp: 9.0,Exit :0,4: bin4(<1.0),Samples: 0,accuracy: 0.0,avg_conf: 0.0

Temp: 9.0,Exit :1,0: bin0(<0.2),Samples: 49984,accuracy: 0.156,avg_conf: 0.014
Temp: 9.0,Exit :1,1: bin1(<0.4),Samples: 0,accuracy: 0.0,avg_conf: 0.0
Temp: 9.0,Exit :1,2: bin2(<0.6),Samples: 0,accuracy: 0.0,avg_conf: 0.0
Temp: 9.0,Exit :1,3: bin3(<0.8),Samples: 0,accuracy: 0.0,avg_conf: 0.0
Temp: 9.0,Exit :1,4: bin4(<1.0),Samples: 0,accuracy: 0.0,avg_conf: 0.0

Temp: 9.0,Exit :2,0: bin0(<0.2),Samples: 49984,accuracy: 0.211,avg_conf: 0.015
Temp: 9.0,Exit :2,1: bin1(<0.4),Samples: 0,accuracy: 0.0,avg_conf: 0.0
Temp: 9.0,Exit :2,2: bin2(<0.6),Samples: 0,accuracy: 0.0,avg_conf: 0.0
Temp: 9.0,Exit :2,3: bin3(<0.8),Samples: 0,accuracy: 0.0,avg_conf: 0.0
Temp: 9.0,Exit :2,4: bin4(<1.0),Samples: 0,accuracy: 0.0,avg_conf: 0.0

Temp: 9.0,Exit :3,0: bin0(<0.2),Samples: 49984,accuracy: 0.235,avg_conf: 0.015
Temp: 9.0,Exit :3,1: bin1(<0.4),Samples: 0,accuracy: 0.0,avg_conf: 0.0
Temp: 9.0,Exit :3,2: bin2(<0.6),Samples: 0,accuracy: 0.0,avg_conf: 0.0
Temp: 9.0,Exit :3,3: bin3(<0.8),Samples: 0,accuracy: 0.0,avg_conf: 0.0
Temp: 9.0,Exit :3,4: bin4(<1.0),Samples: 0,accuracy: 0.0,avg_conf: 0.0

Temp: 9.0,Exit :4,0: bin0(<0.2),Samples: 49984,accuracy: 0.244,avg_conf: 0.016
Temp: 9.0,Exit :4,1: bin1(<0.4),Samples: 0,accuracy: 0.0,avg_conf: 0.0
Temp: 9.0,Exit :4,2: bin2(<0.6),Samples: 0,accuracy: 0.0,avg_conf: 0.0
Temp: 9.0,Exit :4,3: bin3(<0.8),Samples: 0,accuracy: 0.0,avg_conf: 0.0
Temp: 9.0,Exit :4,4: bin4(<1.0),Samples: 0,accuracy: 0.0,avg_conf: 0.0

Temp: 9.0,Exit :5,0: bin0(<0.2),Samples: 49984,accuracy: 0.249,avg_conf: 0.016
Temp: 9.0,Exit :5,1: bin1(<0.4),Samples: 0,accuracy: 0.0,avg_conf: 0.0
Temp: 9.0,Exit :5,2: bin2(<0.6),Samples: 0,accuracy: 0.0,avg_conf: 0.0
Temp: 9.0,Exit :5,3: bin3(<0.8),Samples: 0,accuracy: 0.0,avg_conf: 0.0
Temp: 9.0,Exit :5,4: bin4(<1.0),Samples: 0,accuracy: 0.0,avg_conf: 0.0

Temp: 9.0,Exit :6,0: bin0(<0.2),Samples: 49984,accuracy: 0.305,avg_conf: 0.016
Temp: 9.0,Exit :6,1: bin1(<0.4),Samples: 0,accuracy: 0.0,avg_conf: 0.0
Temp: 9.0,Exit :6,2: bin2(<0.6),Samples: 0,accuracy: 0.0,avg_conf: 0.0
Temp: 9.0,Exit :6,3: bin3(<0.8),Samples: 0,accuracy: 0.0,avg_conf: 0.0
Temp: 9.0,Exit :6,4: bin4(<1.0),Samples: 0,accuracy: 0.0,avg_conf: 0.0

Temp: 9.0,Exit :7,0: bin0(<0.2),Samples: 49984,accuracy: 0.366,avg_conf: 0.017
Temp: 9.0,Exit :7,1: bin1(<0.4),Samples: 0,accuracy: 0.0,avg_conf: 0.0
Temp: 9.0,Exit :7,2: bin2(<0.6),Samples: 0,accuracy: 0.0,avg_conf: 0.0
Temp: 9.0,Exit :7,3: bin3(<0.8),Samples: 0,accuracy: 0.0,avg_conf: 0.0
Temp: 9.0,Exit :7,4: bin4(<1.0),Samples: 0,accuracy: 0.0,avg_conf: 0.0

Temp: 9.0,Exit :8,0: bin0(<0.2),Samples: 49984,accuracy: 0.41,avg_conf: 0.018
Temp: 9.0,Exit :8,1: bin1(<0.4),Samples: 0,accuracy: 0.0,avg_conf: 0.0
Temp: 9.0,Exit :8,2: bin2(<0.6),Samples: 0,accuracy: 0.0,avg_conf: 0.0
Temp: 9.0,Exit :8,3: bin3(<0.8),Samples: 0,accuracy: 0.0,avg_conf: 0.0
Temp: 9.0,Exit :8,4: bin4(<1.0),Samples: 0,accuracy: 0.0,avg_conf: 0.0

Temp: 9.0,Exit :9,0: bin0(<0.2),Samples: 49984,accuracy: 0.581,avg_conf: 0.022
Temp: 9.0,Exit :9,1: bin1(<0.4),Samples: 0,accuracy: 0.0,avg_conf: 0.0
Temp: 9.0,Exit :9,2: bin2(<0.6),Samples: 0,accuracy: 0.0,avg_conf: 0.0
Temp: 9.0,Exit :9,3: bin3(<0.8),Samples: 0,accuracy: 0.0,avg_conf: 0.0
Temp: 9.0,Exit :9,4: bin4(<1.0),Samples: 0,accuracy: 0.0,avg_conf: 0.0

Temp: 9.0,Exit :10,0: bin0(<0.2),Samples: 49984,accuracy: 0.633,avg_conf: 0.023
Temp: 9.0,Exit :10,1: bin1(<0.4),Samples: 0,accuracy: 0.0,avg_conf: 0.0
Temp: 9.0,Exit :10,2: bin2(<0.6),Samples: 0,accuracy: 0.0,avg_conf: 0.0
Temp: 9.0,Exit :10,3: bin3(<0.8),Samples: 0,accuracy: 0.0,avg_conf: 0.0
Temp: 9.0,Exit :10,4: bin4(<1.0),Samples: 0,accuracy: 0.0,avg_conf: 0.0

Temp: 9.0,Exit :11,0: bin0(<0.2),Samples: 49984,accuracy: 0.68,avg_conf: 0.023
Temp: 9.0,Exit :11,1: bin1(<0.4),Samples: 0,accuracy: 0.0,avg_conf: 0.0
Temp: 9.0,Exit :11,2: bin2(<0.6),Samples: 0,accuracy: 0.0,avg_conf: 0.0
Temp: 9.0,Exit :11,3: bin3(<0.8),Samples: 0,accuracy: 0.0,avg_conf: 0.0
Temp: 9.0,Exit :11,4: bin4(<1.0),Samples: 0,accuracy: 0.0,avg_conf: 0.0

Temp: 9.0,Exit :12,0: bin0(<0.2),Samples: 49984,accuracy: 0.699,avg_conf: 0.023
Temp: 9.0,Exit :12,1: bin1(<0.4),Samples: 0,accuracy: 0.0,avg_conf: 0.0
Temp: 9.0,Exit :12,2: bin2(<0.6),Samples: 0,accuracy: 0.0,avg_conf: 0.0
Temp: 9.0,Exit :12,3: bin3(<0.8),Samples: 0,accuracy: 0.0,avg_conf: 0.0
Temp: 9.0,Exit :12,4: bin4(<1.0),Samples: 0,accuracy: 0.0,avg_conf: 0.0

Temp: 9.0,Exit :13,0: bin0(<0.2),Samples: 49984,accuracy: 0.716,avg_conf: 0.023
Temp: 9.0,Exit :13,1: bin1(<0.4),Samples: 0,accuracy: 0.0,avg_conf: 0.0
Temp: 9.0,Exit :13,2: bin2(<0.6),Samples: 0,accuracy: 0.0,avg_conf: 0.0
Temp: 9.0,Exit :13,3: bin3(<0.8),Samples: 0,accuracy: 0.0,avg_conf: 0.0
Temp: 9.0,Exit :13,4: bin4(<1.0),Samples: 0,accuracy: 0.0,avg_conf: 0.0

Temp: 9.0,Exit :14,0: bin0(<0.2),Samples: 49984,accuracy: 0.787,avg_conf: 0.024
Temp: 9.0,Exit :14,1: bin1(<0.4),Samples: 0,accuracy: 0.0,avg_conf: 0.0
Temp: 9.0,Exit :14,2: bin2(<0.6),Samples: 0,accuracy: 0.0,avg_conf: 0.0
Temp: 9.0,Exit :14,3: bin3(<0.8),Samples: 0,accuracy: 0.0,avg_conf: 0.0
Temp: 9.0,Exit :14,4: bin4(<1.0),Samples: 0,accuracy: 0.0,avg_conf: 0.0

Temp: 9.0,Exit :15,0: bin0(<0.2),Samples: 49984,accuracy: 0.832,avg_conf: 0.021
Temp: 9.0,Exit :15,1: bin1(<0.4),Samples: 0,accuracy: 0.0,avg_conf: 0.0
Temp: 9.0,Exit :15,2: bin2(<0.6),Samples: 0,accuracy: 0.0,avg_conf: 0.0
Temp: 9.0,Exit :15,3: bin3(<0.8),Samples: 0,accuracy: 0.0,avg_conf: 0.0
Temp: 9.0,Exit :15,4: bin4(<1.0),Samples: 0,accuracy: 0.0,avg_conf: 0.0

